time,data
1724676679.469823,1.2649183747802604
1724676679.4705782,1.264916302559994
1724676679.4715266,1.2649154367888054
1724676679.4725726,1.2649145358613183
1724676679.4735215,1.264913919974115
1724676679.4745262,1.2649134106208118
1724676679.4755206,1.2649130169040226
1724676679.4765327,1.2649126986719246
1724676679.4775527,1.26491244234549
1724676679.4785457,1.2649122325467488
1724676679.4796302,1.2649120596525392
1724676679.480544,1.2649119158241002
1724676679.4815907,1.2649117953272124
1724676679.482502,1.2649116936975295
1724676679.4836328,1.2649116936975295
1724676679.4845152,1.264911554862011
1724676679.4855924,1.2649114898105855
1724676679.4866493,1.2649114898105855
1724676679.4875588,1.2649113858966503
1724676679.4885087,1.2649113395012073
1724676679.489664,1.2649112906276792
1724676679.4905918,1.2649112554091253
1724676679.4915287,1.2649112254177146
1724676679.4925213,1.26491120128349
1724676679.4935477,1.264911181148859
1724676679.4945443,1.264911164403542
1724676679.4955757,1.264911150314468
1724676679.496523,1.2649111384088707
1724676679.4975712,1.264911128287132
1724676679.4985735,1.2649111196460352
1724676679.499515,1.264911112239835
1724676679.500488,1.264911105871757
1724676679.501526,1.264911105871757
1724676679.5025222,1.2649110969654551
1724676679.5034966,1.2649110969654551
1724676679.504556,1.2649110892255044
1724676679.5057244,1.2649110857099872
1724676679.50652,1.2649110819955638
1724676679.5075712,1.2649110819955638
1724676679.5086482,1.264911077616968
1724676679.509551,1.264911075662579
1724676679.5105593,1.2649110736040194
1724676679.5114956,1.2649110721208146
1724676679.5125184,1.2649110708579
1724676679.5135858,1.264911069841635
1724676679.5145633,1.2649110689942873
1724676679.5155075,1.2649110689942873
1724676679.5164914,1.2649110678664988
1724676679.5175703,1.2649110673478399
1724676679.518665,1.2649110667980694
1724676679.5196772,1.2649110667980694
1724676679.5205617,1.2649110661418725
1724676679.5215447,1.2649110658475133
1724676679.5225291,1.2649110655369877
1724676679.5236037,1.264911065311239
1724676679.5245192,1.2649110651183733
1724676679.5255325,1.2649110649623803
1724676679.5264976,1.2649110648347208
1724676679.5276203,1.264911064725249
1724676679.5284922,1.264911064631104
1724676679.5295784,1.264911064556686
1724676679.5305011,1.2649110644869122
1724676679.5316398,1.2649110644869122
1724676679.5325084,1.2649110643950294
1724676679.533543,1.2649110643517547
1724676679.534556,1.2649110643102437
1724676679.5361662,1.2649110642710548
1724676679.5367246,1.2649110642710548
1724676679.5376403,1.26491106422509
1724676679.5385656,1.2649110642064842
1724676679.53954,1.264911064180472
1724676679.540617,1.2649110641659194
1724676679.5415068,1.2649110641542949
1724676679.5425332,1.2649110641439565
1724676679.5435414,1.2649110641288202
1724676679.5446222,1.2649110641288202
1724676679.5456145,1.264911064119055
1724676679.5465722,1.2649110641128845
1724676679.5475814,1.2649110641106804
1724676679.548538,1.264911064098622
1724676679.5495799,1.2649110640951997
1724676679.550529,1.2649110640873986
1724676679.551503,1.2649110640873986
1724676679.5525107,1.264911064083557
1724676679.553637,1.2649110640810095
1724676679.554563,1.2649110640767487
1724676679.5555623,1.2649110640767487
1724676679.5566971,1.2649110640753334
1724676679.557487,1.2649110640735597
1724676679.5585387,1.2649110640714276
1724676679.5595326,1.2649110640689372
1724676679.5605242,1.2649110640714814
1724676679.5615563,1.2649110640671597
1724676679.5625541,1.2649110640671597
1724676679.5636244,1.2649110640693453
1724676679.5645144,1.2649110640700583
1724676679.5655537,1.2649110640700583
1724676679.5666018,1.2649110640707713
1724676679.567762,1.2649110640707713
1724676679.5687,1.2649110640714842
1724676679.5698144,1.2649110640714842
1724676679.5706935,1.2649110640668042
1724676679.5717432,1.2649110640679189
1724676679.5726047,1.2649110640682735
1724676679.5735147,1.2649110640679153
1724676679.5746074,1.2649110640679118
1724676679.5755453,1.2649110640679082
1724676679.5766606,1.2649110640679082
1724676679.5774899,1.2649110640679047
1724676679.5786588,1.264911064067901
1724676679.5797243,1.264911064067901
1724676679.5805008,1.2649110640678976
1724676679.581659,1.264911064067894
1724676679.5833964,1.264911064067894
1724676679.5837202,1.2649110640678904
1724676679.5851955,1.2649110640678904
1724676679.585505,1.264911064067887
1724676679.5865393,1.264911064067887
1724676679.5878606,1.2649110640678833
1724676679.5887024,1.2649110640678833
1724676679.58969,1.2649110640678798
1724676679.5906146,1.2649110640678798
1724676679.5915697,1.2649110640678762
1724676679.592487,1.2649110640678727
1724676679.5935483,1.2649110640678691
1724676679.5945313,1.2649110640678656
1724676679.5955114,1.264911064067862
1724676679.5965939,1.264911064067862
1724676679.597643,1.2649110640678585
1724676679.5985656,1.264911064067855
1724676679.5996182,1.2649110640678514
1724676679.6005807,1.2649110640678514
1724676679.6015093,1.2649110640678478
1724676679.6031413,1.2649110640678478
1724676679.6040049,1.2649110640678443
1724676679.6045685,1.2649110640678407
1724676679.6056051,1.2649110640678407
1724676679.606507,1.2649110640678372
1724676679.6078851,1.2649110640678372
1724676679.608604,1.2649110640678336
1724676679.609605,1.2649110640678336
1724676679.6111321,1.26491106406783
1724676679.6115487,1.26491106406783
1724676679.6127598,1.2649110640678265
1724676679.6140344,1.264911064067823
1724676679.614459,1.2649110640678194
1724676679.6155372,1.2649110640678158
1724676679.6166112,1.2649110640678123
1724676679.617528,1.2649110640678087
1724676679.61857,1.2649110640678052
1724676679.619926,1.2649110640678052
1724676679.620542,1.2649110640678016
1724676679.6217482,1.264911064067798
1724676679.6228237,1.264911064067798
1724676679.6236055,1.2649110640677945
1724676679.6245067,1.264911064067791
1724676679.6256096,1.264911064067791
1724676679.626565,1.2649110640677874
1724676679.6276917,1.2649110640677874
1724676679.628487,1.2649110640677839
1724676679.6295555,1.2649110640677839
1724676679.6305008,1.2649110640677803
1724676679.6315172,1.2649110640677768
1724676679.632614,1.2649110640677768
1724676679.633645,1.2649110640677732
1724676679.6350722,1.2649110640677732
1724676679.6356134,1.2649110640677697
1724676679.6372154,1.2649110640677697
1724676679.6375918,1.264911064067766
1724676679.6385772,1.264911064067766
1724676679.639496,1.2649110640677625
1724676679.6408982,1.264911064067759
1724676679.6417463,1.264911064067759
1724676679.6429496,1.2649110640677554
1724676679.6436357,1.2649110640677554
1724676679.6458333,1.264911064067752
1724676679.6465836,1.264911064067752
1724676679.6476848,1.2649110640677483
1724676679.6488173,1.2649110640677483
1724676679.649598,1.2649110640677448
1724676679.65075,1.2649110640677448
1724676679.651622,1.2649110640677412
1724676679.6528401,1.2649110640677412
1724676679.6536973,1.2649110640677377
1724676679.6548688,1.2649110640677377
1724676679.6558812,1.2649110640677341
1724676679.6565769,1.2649110640677341
1724676679.6575332,1.2649110640677306
1724676679.6585057,1.264911064067727
1724676679.6596432,1.2649110640677235
1724676679.6604977,1.2649110640677235
1724676679.6616213,1.26491106406772
1724676679.6626036,1.26491106406772
1724676679.66358,1.2649110640677164
1724676679.6646338,1.2649110640677128
1724676679.6656795,1.2649110640677128
1724676679.6665716,1.2649110640677093
1724676679.6677003,1.2649110640677093
1724676679.6686025,1.2649110640677057
1724676679.6701934,1.2649110640677057
1724676679.6709483,1.2649110640677022
1724676679.6717489,1.2649110640677022
1724676679.6727076,1.2649110640676986
1724676679.6739042,1.2649110640676986
1724676679.6746447,1.264911064067695
1724676679.6758175,1.264911064067695
1724676679.6770077,1.2649110640676915
1724676679.6780272,1.2649110640676915
1724676679.6787944,1.264911064067688
1724676679.6802275,1.264911064067688
1724676679.6807103,1.2649110640676844
1724676679.6822412,1.2649110640676844
1724676679.6832607,1.2649110640676844
1724676679.6842585,1.2649110640676808
1724676679.6852806,1.2649110640676808
1724676679.685921,1.2649110640676808
1724676679.6874104,1.2649110640676808
1724676679.6883485,1.2649110640676773
1724676679.688705,1.2649110640676773
1724676679.691051,1.2649110640676773
1724676679.6910918,1.2649110640676773
1724676679.6917276,1.2649110640676737
1724676679.6926625,1.2649110640676737
1724676679.6943073,1.2649110640676702
1724676679.6946003,1.2649110640676702
1724676679.6958537,1.2649110640676702
1724676679.696835,1.2649110640676666
1724676679.6977913,1.2649110640676666
1724676679.6986349,1.264911064067663
1724676679.6997743,1.264911064067663
1724676679.7005277,1.2649110640676595
1724676679.7015922,1.264911064067656
1724676679.7025568,1.2649110640676524
1724676679.7043061,1.2649110640676524
1724676679.7047951,1.2649110640676489
1724676679.705866,1.2649110640676489
1724676679.706678,1.2649110640676453
1724676679.7077115,1.2649110640676453
1724676679.7084994,1.2649110640676418
1724676679.7097685,1.2649110640676418
1724676679.7105713,1.2649110640676382
1724676679.7115903,1.2649110640676346
1724676679.7125678,1.264911064067631
1724676679.7139726,1.264911064067631
1724676679.7147677,1.2649110640676275
1724676679.7156901,1.2649110640676275
1724676679.7166681,1.264911064067624
1724676679.717655,1.2649110640676204
1724676679.7186491,1.2649110640676204
1724676679.7196722,1.2649110640676169
1724676679.7204971,1.2649110640676169
1724676679.7215273,1.2649110640676133
1724676679.7226524,1.2649110640676098
1724676679.7235913,1.2649110640676098
1724676679.724539,1.2649110640676062
1724676679.7255228,1.2649110640676062
1724676679.726857,1.2649110640676027
1724676679.7275925,1.2649110640675991
1724676679.7285757,1.2649110640675991
1724676679.729716,1.2649110640675956
1724676679.730567,1.2649110640675956
1724676679.7316773,1.264911064067592
1724676679.7326133,1.2649110640675885
1724676679.7335649,1.2649110640675885
1724676679.734537,1.264911064067585
1724676679.735509,1.2649110640675814
1724676679.7368708,1.2649110640675814
1724676679.7376058,1.2649110640675778
1724676679.7385392,1.2649110640675743
1724676679.73951,1.2649110640675707
1724676679.740522,1.2649110640675671
1724676679.741533,1.2649110640675636
1724676679.7427106,1.26491106406756
1724676679.7435894,1.2649110640675565
1724676679.744705,1.2649110640675565
1724676679.7454991,1.264911064067553
1724676679.7465913,1.264911064067553
1724676679.7478461,1.2649110640675494
1724676679.7494175,1.2649110640675458
1724676679.7495463,1.2649110640675458
1724676679.7506187,1.2649110640675423
1724676679.7519088,1.2649110640675423
1724676679.752714,1.2649110640675387
1724676679.7538037,1.2649110640675387
1724676679.7547586,1.2649110640675352
1724676679.755825,1.2649110640675352
1724676679.7569184,1.2649110640675316
1724676679.7578297,1.2649110640675316
1724676679.7588427,1.264911064067528
1724676679.7598538,1.264911064067528
1724676679.7609537,1.2649110640675245
1724676679.7618575,1.2649110640675245
1724676679.7625396,1.264911064067521
1724676679.7635596,1.2649110640675174
1724676679.7645683,1.2649110640675139
1724676679.7656786,1.2649110640675139
1724676679.7665591,1.2649110640675103
1724676679.767502,1.2649110640675068
1724676679.7687368,1.2649110640675032
1724676679.7700307,1.2649110640675032
1724676679.7705564,1.2649110640674996
1724676679.7715702,1.264911064067496
1724676679.772537,1.264911064067496
1724676679.7735572,1.2649110640674925
1724676679.774532,1.264911064067489
1724676679.7755356,1.2649110640674854
1724676679.7766309,1.2649110640674854
1724676679.7776098,1.2649110640674819
1724676679.7784998,1.2649110640674819
1724676679.7796414,1.2649110640674783
1724676679.7805438,1.2649110640674748
1724676679.781602,1.2649110640674712
1724676679.7825408,1.2649110640674712
1724676679.783484,1.2649110640674677
1724676679.7845397,1.2649110640674641
1724676679.7857182,1.2649110640674641
1724676679.7866533,1.2649110640674606
1724676679.787497,1.264911064067457
1724676679.7886205,1.2649110640674535
1724676679.789551,1.26491106406745
1724676679.7907047,1.2649110640674464
1724676679.7915485,1.2649110640674428
1724676679.7925034,1.2649110640674428
1724676679.7935753,1.2649110640674393
1724676679.7945466,1.2649110640674393
1724676679.7955499,1.2649110640674357
1724676679.7965078,1.2649110640674357
1724676679.7975163,1.2649110640674321
1724676679.7984953,1.2649110640674286
1724676679.7995596,1.264911064067425
1724676679.8005672,1.2649110640674215
1724676679.8016963,1.2649110640674215
1724676679.8029668,1.264911064067418
1724676679.8041625,1.264911064067418
1724676679.8046644,1.2649110640674144
1724676679.8056898,1.2649110640674108
1724676679.806802,1.2649110640674108
1724676679.8075712,1.2649110640674073
1724676679.8086333,1.2649110640674073
1724676679.8098643,1.2649110640674037
1724676679.810577,1.2649110640674037
1724676679.8115976,1.2649110640674037
1724676679.812539,1.2649110640674002
1724676679.8134947,1.2649110640674002
1724676679.8147037,1.2649110640673966
1724676679.8158026,1.2649110640673966
1724676679.8165853,1.264911064067393
1724676679.8175564,1.264911064067393
1724676679.8187413,1.2649110640673895
1724676679.819983,1.2649110640673895
1724676679.820705,1.264911064067386
1724676679.8217254,1.264911064067386
1724676679.8226423,1.2649110640673824
1724676679.8235366,1.2649110640673824
1724676679.8245442,1.2649110640673789
1724676679.8260198,1.2649110640673789
1724676679.8265715,1.2649110640673753
1724676679.8276732,1.2649110640673753
1724676679.8286116,1.2649110640673717
1724676679.829633,1.2649110640673717
1724676679.8306139,1.2649110640673682
1724676679.8315768,1.2649110640673646
1724676679.8327134,1.2649110640673646
1724676679.8336918,1.264911064067361
1724676679.834655,1.2649110640673575
1724676679.8357377,1.264911064067354
1724676679.8369968,1.264911064067354
1724676679.837597,1.2649110640673504
1724676679.8386152,1.2649110640673504
1724676679.8396175,1.2649110640673469
1724676679.840582,1.2649110640673469
1724676679.8416553,1.2649110640673433
1724676679.842711,1.2649110640673433
1724676679.8438897,1.2649110640673398
1724676679.8449783,1.2649110640673398
1724676679.8456872,1.2649110640673362
1724676679.8471332,1.2649110640673327
1724676679.8481488,1.2649110640673327
1724676679.8502185,1.2649110640673291
1724676679.8502588,1.2649110640673291
1724676679.8505826,1.2649110640673291
1724676679.852107,1.2649110640673291
1724676679.8530135,1.2649110640673256
1724676679.8535962,1.2649110640673256
1724676679.854596,1.2649110640673256
1724676679.855806,1.264911064067322
1724676679.8568976,1.264911064067322
1724676679.8576229,1.2649110640673185
1724676679.858635,1.2649110640673185
1724676679.8600616,1.264911064067315
1724676679.8605332,1.264911064067315
1724676679.8616297,1.2649110640673114
1724676679.8626292,1.2649110640673114
1724676679.8636389,1.2649110640673078
1724676679.8646615,1.2649110640673078
1724676679.8658123,1.2649110640673042
1724676679.8666139,1.2649110640673007
1724676679.8678746,1.2649110640672971
1724676679.8685362,1.2649110640672936
1724676679.8697636,1.2649110640672936
1724676679.8713999,1.26491106406729
1724676679.8719501,1.26491106406729
1724676679.8726346,1.26491106406729
1724676679.8736863,1.26491106406729
1724676679.8746169,1.2649110640672865
1724676679.8756256,1.264911064067283
1724676679.8766003,1.264911064067283
1724676679.8775716,1.2649110640672794
1724676679.878657,1.2649110640672758
1724676679.8796628,1.2649110640672723
1724676679.8806748,1.2649110640672723
1724676679.8817525,1.2649110640672687
1724676679.8825579,1.2649110640672652
1724676679.8836339,1.2649110640672616
1724676679.884524,1.2649110640672616
1724676679.8855522,1.264911064067258
1724676679.8869748,1.264911064067258
1724676679.8876362,1.2649110640672545
1724676679.888953,1.2649110640672545
1724676679.88964,1.264911064067251
1724676679.8907967,1.264911064067251
1724676679.891587,1.2649110640672474
1724676679.8926115,1.2649110640672439
1724676679.89375,1.2649110640672439
1724676679.894578,1.2649110640672403
1724676679.8957336,1.2649110640672403
1724676679.8968923,1.2649110640672367
1724676679.897748,1.2649110640672367
1724676679.8988826,1.2649110640672367
1724676679.9000382,1.2649110640672332
1724676679.9006317,1.2649110640672332
1724676679.9016616,1.2649110640672296
1724676679.903812,1.2649110640672296
1724676679.9038665,1.264911064067226
1724676679.9045773,1.264911064067226
1724676679.9057245,1.2649110640672225
1724676679.9069045,1.2649110640672225
1724676679.9081123,1.264911064067219
1724676679.9086862,1.264911064067219
1724676679.909871,1.2649110640672154
1724676679.9108222,1.2649110640672154
1724676679.9122477,1.2649110640672119
1724676679.9129825,1.2649110640672119
1724676679.9140286,1.2649110640672119
1724676679.9152977,1.2649110640672083
1724676679.9156973,1.2649110640672083
1724676679.917325,1.2649110640672048
1724676679.9176795,1.2649110640672048
1724676679.918644,1.2649110640672048
1724676679.919678,1.2649110640672012
1724676679.9205544,1.2649110640671977
1724676679.9216642,1.2649110640671977
1724676679.9225523,1.2649110640671941
1724676679.9235916,1.2649110640671906
1724676679.9246395,1.2649110640671906
1724676679.9258265,1.264911064067187
1724676679.926812,1.264911064067187
1724676679.9277124,1.2649110640671835
1724676679.9286003,1.26491106406718
1724676679.9297595,1.2649110640671763
1724676679.9304833,1.2649110640671763
1724676679.9315536,1.2649110640671728
1724676679.932657,1.2649110640671728
1724676679.9335418,1.2649110640671692
1724676679.934547,1.2649110640671657
1724676679.9356968,1.2649110640671657
1724676679.9371414,1.2649110640671621
1724676679.9378173,1.2649110640671621
1724676679.9385812,1.2649110640671621
1724676679.9395137,1.2649110640671586
1724676679.9406586,1.2649110640671586
1724676679.9415693,1.264911064067155
1724676679.9426267,1.2649110640671515
1724676679.943541,1.264911064067148
1724676679.9446867,1.2649110640671444
1724676679.945567,1.2649110640671408
1724676679.9472718,1.2649110640671408
1724676679.947791,1.2649110640671373
1724676679.948666,1.2649110640671373
1724676679.949629,1.2649110640671337
1724676679.9505446,1.2649110640671302
1724676679.951569,1.2649110640671266
1724676679.9529464,1.2649110640671266
1724676679.9536154,1.264911064067123
1724676679.954739,1.2649110640671195
1724676679.9556515,1.264911064067116
1724676679.9565673,1.2649110640671124
1724676679.95761,1.2649110640671124
1724676679.9585056,1.2649110640671088
1724676679.9595335,1.2649110640671088
1724676679.960667,1.2649110640671053
1724676679.9615622,1.2649110640671017
1724676679.9626076,1.2649110640670982
1724676679.963719,1.2649110640670946
1724676679.9645944,1.2649110640670946
1724676679.9656212,1.264911064067091
1724676679.9665136,1.2649110640670875
1724676679.9675856,1.264911064067084
1724676679.9686525,1.264911064067084
1724676679.970163,1.2649110640670804
1724676679.970852,1.2649110640670804
1724676679.9715118,1.2649110640670769
1724676679.9725318,1.2649110640670733
1724676679.9735684,1.2649110640670698
1724676679.9745598,1.2649110640670662
1724676679.9755204,1.2649110640670627
1724676679.9766436,1.2649110640670627
1724676679.9776049,1.264911064067059
1724676679.9786968,1.2649110640670556
1724676679.9796615,1.2649110640670556
1724676679.9810379,1.264911064067052
1724676679.9815333,1.2649110640670485
1724676679.982719,1.2649110640670485
1724676679.9836168,1.264911064067045
1724676679.9847438,1.264911064067045
1724676679.9858937,1.2649110640670413
1724676679.986928,1.2649110640670413
1724676679.9880807,1.2649110640670378
1724676679.9887025,1.2649110640670378
1724676679.9897199,1.2649110640670342
1724676679.990752,1.2649110640670342
1724676679.9918094,1.2649110640670307
1724676679.9927132,1.2649110640670307
1724676679.993653,1.2649110640670271
1724676679.9949079,1.2649110640670236
1724676679.995544,1.2649110640670236
1724676679.996899,1.26491106406702
1724676679.9975665,1.2649110640670165
1724676679.99965,1.2649110640670165
1724676679.9996717,1.264911064067013
1724676680.0006921,1.2649110640670094
1724676680.001528,1.2649110640670058
1724676680.0033264,1.2649110640670058
1724676680.0039763,1.2649110640670023
1724676680.0047386,1.2649110640670023
1724676680.0055678,1.2649110640669987
1724676680.0085852,1.2649110640669952
1724676680.0086339,1.2649110640669952
1724676680.0086591,1.2649110640669916
1724676680.009755,1.2649110640669916
1724676680.010505,1.264911064066988
1724676680.0115178,1.2649110640669845
1724676680.012538,1.2649110640669845
1724676680.013731,1.264911064066981
1724676680.0147927,1.264911064066981
1724676680.0156264,1.2649110640669774
1724676680.0169475,1.2649110640669774
1724676680.0175583,1.2649110640669738
1724676680.0191367,1.2649110640669738
1724676680.0197005,1.2649110640669703
1724676680.020589,1.2649110640669703
1724676680.0219116,1.2649110640669667
1724676680.0224943,1.2649110640669632
1724676680.023693,1.2649110640669596
1724676680.0246043,1.2649110640669596
1724676680.0257547,1.264911064066956
1724676680.026776,1.264911064066956
1724676680.0275776,1.2649110640669525
1724676680.028488,1.2649110640669525
1724676680.0295534,1.264911064066949
1724676680.0305974,1.2649110640669454
1724676680.032371,1.2649110640669454
1724676680.0330606,1.2649110640669419
1724676680.0335934,1.2649110640669383
1724676680.0346847,1.2649110640669348
1724676680.0363972,1.2649110640669348
1724676680.0369515,1.2649110640669312
1724676680.0376525,1.2649110640669312
1724676680.039143,1.2649110640669277
1724676680.039728,1.2649110640669277
1724676680.040857,1.2649110640669277
1724676680.0416615,1.264911064066924
1724676680.0428033,1.264911064066924
1724676680.0436454,1.2649110640669206
1724676680.0445933,1.2649110640669206
1724676680.0461612,1.264911064066917
1724676680.0469081,1.264911064066917
1724676680.0478468,1.264911064066917
1724676680.0490053,1.2649110640669134
1724676680.050105,1.2649110640669134
1724676680.050666,1.2649110640669134
1724676680.0519636,1.26491106406691
1724676680.0527709,1.26491106406691
1724676680.054353,1.2649110640669063
1724676680.0549512,1.2649110640669063
1724676680.0561912,1.2649110640669063
1724676680.056796,1.2649110640669028
1724676680.0580828,1.2649110640669028
1724676680.0588706,1.2649110640669028
1724676680.0596178,1.2649110640668992
1724676680.0607119,1.2649110640668992
1724676680.0619628,1.2649110640668957
1724676680.062552,1.2649110640668921
1724676680.0639296,1.2649110640668921
1724676680.064971,1.2649110640668886
1724676680.0659955,1.2649110640668886
1724676680.0667162,1.264911064066885
1724676680.0676203,1.2649110640668815
1724676680.0686576,1.2649110640668815
1724676680.070444,1.264911064066878
1724676680.070688,1.264911064066878
1724676680.0717373,1.2649110640668744
1724676680.0727227,1.2649110640668708
1724676680.0737412,1.2649110640668673
1724676680.0746117,1.2649110640668637
1724676680.0754917,1.2649110640668602
1724676680.0765932,1.2649110640668566
1724676680.0775082,1.264911064066853
1724676680.0787761,1.2649110640668495
1724676680.0795205,1.264911064066846
1724676680.0805633,1.2649110640668424
1724676680.0815625,1.2649110640668388
1724676680.0826063,1.2649110640668353
1724676680.083589,1.2649110640668353
1724676680.084575,1.2649110640668317
1724676680.0858483,1.2649110640668317
1724676680.086641,1.2649110640668282
1724676680.0876753,1.2649110640668246
1724676680.0886114,1.2649110640668246
1724676680.08956,1.264911064066821
1724676680.0906806,1.264911064066821
1724676680.0916057,1.2649110640668175
1724676680.0925748,1.2649110640668175
1724676680.0939674,1.264911064066814
1724676680.094888,1.264911064066814
1724676680.0958574,1.2649110640668104
1724676680.0967274,1.2649110640668104
1724676680.0977972,1.2649110640668069
1724676680.098548,1.2649110640668069
1724676680.0997698,1.2649110640668033
1724676680.1007283,1.2649110640668033
1724676680.101541,1.2649110640667998
1724676680.1026418,1.2649110640667998
1724676680.104032,1.2649110640667962
1724676680.1045547,1.2649110640667962
1724676680.1056414,1.2649110640667962
1724676680.1066291,1.2649110640667927
1724676680.1075983,1.264911064066789
1724676680.1086555,1.264911064066789
1724676680.1095505,1.2649110640667856
1724676680.1106246,1.264911064066782
1724676680.1114929,1.2649110640667784
1724676680.1128144,1.264911064066775
1724676680.113754,1.264911064066775
1724676680.114893,1.2649110640667713
1724676680.1155083,1.2649110640667713
1724676680.117007,1.2649110640667713
1724676680.117633,1.2649110640667678
1724676680.119281,1.2649110640667678
1724676680.1198053,1.2649110640667642
1724676680.1206477,1.2649110640667642
1724676680.1218634,1.2649110640667607
1724676680.1225035,1.2649110640667571
1724676680.1236565,1.2649110640667571
1724676680.124952,1.2649110640667536
1724676680.1254778,1.26491106406675
1724676680.1264956,1.2649110640667465
1724676680.1274765,1.264911064066743
1724676680.1289303,1.2649110640667394
1724676680.1295605,1.2649110640667394
1724676680.1306958,1.2649110640667358
1724676680.131947,1.2649110640667323
1724676680.1326818,1.2649110640667323
1724676680.1335168,1.2649110640667287
1724676680.1344948,1.2649110640667287
1724676680.1357517,1.2649110640667252
1724676680.1372278,1.2649110640667252
1724676680.1375554,1.2649110640667216
1724676680.1385229,1.264911064066718
1724676680.1395361,1.264911064066718
1724676680.1405423,1.2649110640667145
1724676680.141684,1.2649110640667145
1724676680.142716,1.264911064066711
1724676680.143485,1.2649110640667074
1724676680.1448216,1.2649110640667038
1724676680.1458318,1.2649110640667038
1724676680.1465821,1.2649110640667003
1724676680.1477098,1.2649110640667003
1724676680.1488495,1.2649110640666967
1724676680.1497247,1.2649110640666967
1724676680.150575,1.2649110640666967
1724676680.151521,1.2649110640666932
1724676680.1526275,1.2649110640666932
1724676680.154061,1.2649110640666896
1724676680.1548316,1.2649110640666896
1724676680.15567,1.264911064066686
1724676680.156827,1.2649110640666825
1724676680.157611,1.264911064066679
1724676680.1589737,1.2649110640666754
1724676680.159553,1.2649110640666719
1724676680.1606,1.2649110640666683
1724676680.162231,1.2649110640666648
1724676680.1626115,1.2649110640666612
1724676680.1637764,1.2649110640666612
1724676680.164566,1.2649110640666577
1724676680.1658783,1.2649110640666577
1724676680.1668932,1.264911064066654
1724676680.167652,1.264911064066654
1724676680.1686203,1.2649110640666505
1724676680.1714919,1.2649110640666505
1724676680.172184,1.264911064066647
1724676680.1730099,1.264911064066647
1724676680.1736064,1.2649110640666434
1724676680.1746128,1.26491106406664
1724676680.1755812,1.26491106406664
1724676680.17656,1.2649110640666363
1724676680.1776288,1.2649110640666328
1724676680.1791923,1.2649110640666328
1724676680.1795592,1.2649110640666292
1724676680.1809545,1.2649110640666292
1724676680.1817203,1.2649110640666257
1724676680.1828322,1.2649110640666257
1724676680.1835585,1.2649110640666221
1724676680.184596,1.2649110640666221
1724676680.1855443,1.2649110640666186
1724676680.1868553,1.2649110640666186
1724676680.187508,1.264911064066615
1724676680.1885421,1.2649110640666115
1724676680.189584,1.264911064066608
1724676680.190639,1.264911064066608
1724676680.191574,1.2649110640666044
1724676680.1925752,1.2649110640666008
1724676680.193552,1.2649110640666008
1724676680.1945133,1.2649110640665973
1724676680.195566,1.2649110640665973
1724676680.1967165,1.2649110640665937
1724676680.1982641,1.2649110640665937
1724676680.1986196,1.2649110640665902
1724676680.1996782,1.2649110640665866
1724676680.2009575,1.2649110640665866
1724676680.2017496,1.264911064066583
1724676680.202798,1.264911064066583
1724676680.203741,1.2649110640665795
1724676680.2046187,1.264911064066576
1724676680.2062805,1.264911064066576
1724676680.207176,1.2649110640665724
1724676680.207877,1.2649110640665688
1724676680.2085023,1.2649110640665688
1724676680.2095277,1.2649110640665653
1724676680.2109292,1.2649110640665653
1724676680.211556,1.2649110640665617
1724676680.212655,1.2649110640665617
1724676680.213691,1.2649110640665582
1724676680.2149274,1.2649110640665546
1724676680.2156258,1.2649110640665546
1724676680.2166746,1.264911064066551
1724676680.2175488,1.2649110640665475
1724676680.2187035,1.264911064066544
1724676680.2199736,1.264911064066544
1724676680.2209334,1.2649110640665404
1724676680.2215965,1.2649110640665369
1724676680.2227569,1.2649110640665333
1724676680.223535,1.2649110640665333
1724676680.22454,1.2649110640665298
1724676680.2256284,1.2649110640665298
1724676680.226588,1.2649110640665262
1724676680.2278438,1.2649110640665262
1724676680.2288103,1.2649110640665227
1724676680.229572,1.264911064066519
1724676680.2308044,1.2649110640665155
1724676680.232138,1.264911064066512
1724676680.233121,1.2649110640665084
1724676680.2336695,1.2649110640665084
1724676680.234632,1.2649110640665049
1724676680.2363002,1.2649110640665049
1724676680.2379448,1.2649110640665013
1724676680.2379994,1.2649110640665013
1724676680.2385814,1.2649110640665013
1724676680.2397575,1.2649110640665013
1724676680.240546,1.2649110640664978
1724676680.2418818,1.2649110640664978
1724676680.2427182,1.2649110640664942
1724676680.243533,1.2649110640664942
1724676680.2445576,1.2649110640664907
1724676680.245528,1.2649110640664871
1724676680.2465415,1.2649110640664836
1724676680.2475255,1.26491106406648
1724676680.2485778,1.2649110640664765
1724676680.2495956,1.2649110640664765
1724676680.2505474,1.264911064066473
1724676680.2514634,1.2649110640664694
1724676680.2525353,1.2649110640664658
1724676680.2535698,1.2649110640664623
1724676680.2545323,1.2649110640664587
1724676680.255474,1.2649110640664551
1724676680.2568924,1.2649110640664551
1724676680.2576215,1.2649110640664516
1724676680.258525,1.264911064066448
1724676680.2596698,1.264911064066448
1724676680.260644,1.2649110640664445
1724676680.2615466,1.264911064066441
1724676680.2625594,1.264911064066441
1724676680.2639754,1.2649110640664374
1724676680.2645524,1.2649110640664338
1724676680.2672415,1.2649110640664338
1724676680.2672796,1.2649110640664338
1724676680.2678788,1.2649110640664303
1724676680.2686934,1.2649110640664303
1724676680.2698002,1.2649110640664267
1724676680.2714756,1.2649110640664267
1724676680.2715197,1.2649110640664232
1724676680.2733164,1.2649110640664232
1724676680.2736285,1.2649110640664196
1724676680.2750423,1.264911064066416
1724676680.2755861,1.264911064066416
1724676680.2766702,1.2649110640664125
1724676680.2777925,1.2649110640664125
1724676680.2820108,1.264911064066409
1724676680.2826357,1.264911064066409
1724676680.2842762,1.264911064066409
1724676680.2854817,1.2649110640664054
1724676680.2856054,1.2649110640664054
1724676680.286898,1.2649110640664054
1724676680.287655,1.2649110640664019
1724676680.288605,1.2649110640664019
1724676680.289894,1.2649110640663983
1724676680.2906606,1.2649110640663948
1724676680.2915292,1.2649110640663912
1724676680.2926288,1.2649110640663876
1724676680.2935495,1.264911064066384
1724676680.2946405,1.264911064066384
1724676680.2955449,1.2649110640663805
1724676680.296877,1.264911064066377
1724676680.2975695,1.2649110640663734
1724676680.2986083,1.2649110640663699
1724676680.2996905,1.2649110640663663
1724676680.300569,1.2649110640663628
1724676680.3020911,1.2649110640663592
1724676680.3036942,1.2649110640663592
1724676680.3040392,1.2649110640663592
1724676680.3045108,1.2649110640663557
1724676680.3056142,1.2649110640663557
1724676680.3066669,1.2649110640663521
1724676680.307673,1.2649110640663486
1724676680.3086326,1.264911064066345
1724676680.3098528,1.2649110640663415
1724676680.3105185,1.264911064066338
1724676680.3115234,1.2649110640663344
1724676680.312479,1.2649110640663308
1724676680.3134868,1.2649110640663273
1724676680.3146162,1.2649110640663273
1724676680.3160648,1.2649110640663237
1724676680.3165808,1.2649110640663237
1724676680.3179076,1.2649110640663201
1724676680.3186371,1.2649110640663201
1724676680.3201,1.2649110640663166
1724676680.320824,1.2649110640663166
1724676680.3215718,1.264911064066313
1724676680.3225505,1.264911064066313
1724676680.3236997,1.2649110640663095
1724676680.3246853,1.264911064066306
1724676680.325651,1.264911064066306
1724676680.3267305,1.2649110640663024
1724676680.3279426,1.2649110640663024
1724676680.3285253,1.2649110640663024
1724676680.3295193,1.2649110640662988
1724676680.3304992,1.2649110640662953
1724676680.3314767,1.2649110640662917
1724676680.332918,1.2649110640662882
1724676680.333667,1.2649110640662882
1724676680.3347597,1.2649110640662846
1724676680.3355932,1.264911064066281
1724676680.3369272,1.264911064066281
1724676680.3380306,1.264911064066281
1724676680.3385987,1.2649110640662775
1724676680.3396623,1.2649110640662775
1724676680.3409355,1.264911064066274
1724676680.3416643,1.264911064066274
1724676680.3428478,1.2649110640662704
1724676680.3440452,1.2649110640662704
1724676680.344594,1.2649110640662669
1724676680.345616,1.2649110640662669
1724676680.346517,1.2649110640662633
1724676680.3476486,1.2649110640662633
1724676680.3485923,1.2649110640662597
1724676680.3497636,1.2649110640662597
1724676680.3507543,1.2649110640662562
1724676680.351769,1.2649110640662562
1724676680.3530476,1.2649110640662526
1724676680.3538845,1.264911064066249
1724676680.3545907,1.264911064066249
1724676680.3559823,1.2649110640662455
1724676680.3568301,1.2649110640662455
1724676680.357637,1.264911064066242
1724676680.3585854,1.2649110640662384
1724676680.3596077,1.2649110640662349
1724676680.36065,1.2649110640662349
1724676680.361757,1.2649110640662313
1724676680.3625789,1.2649110640662278
1724676680.3638654,1.2649110640662278
1724676680.3647504,1.2649110640662242
1724676680.366773,1.2649110640662242
1724676680.36682,1.2649110640662207
1724676680.3679872,1.2649110640662207
1724676680.368815,1.2649110640662171
1724676680.3699272,1.2649110640662171
1724676680.3705473,1.2649110640662136
1724676680.3718357,1.2649110640662136
1724676680.372917,1.26491106406621
1724676680.3740113,1.26491106406621
1724676680.3745365,1.2649110640662065
1724676680.37556,1.264911064066203
1724676680.3765454,1.264911064066203
1724676680.377524,1.2649110640661994
1724676680.3785193,1.2649110640661958
1724676680.379567,1.2649110640661922
1724676680.3806038,1.2649110640661887
1724676680.3816078,1.2649110640661851
1724676680.3826675,1.2649110640661816
1724676680.3836389,1.2649110640661816
1724676680.384577,1.264911064066178
1724676680.385608,1.2649110640661745
1724676680.3865693,1.264911064066171
1724676680.3876202,1.2649110640661674
1724676680.3885586,1.2649110640661638
1724676680.3895977,1.2649110640661603
1724676680.3905334,1.2649110640661567
1724676680.3916843,1.2649110640661532
1724676680.3925612,1.2649110640661532
1724676680.3935115,1.2649110640661496
1724676680.3948243,1.2649110640661496
1724676680.3955266,1.264911064066146
1724676680.3967042,1.264911064066146
1724676680.3976982,1.2649110640661425
1724676680.3986611,1.2649110640661425
1724676680.3999958,1.264911064066139
1724676680.4007041,1.264911064066139
1724676680.4019883,1.2649110640661354
1724676680.4029002,1.2649110640661354
1724676680.4040794,1.2649110640661319
1724676680.4047146,1.2649110640661319
1724676680.405542,1.2649110640661283
1724676680.4069424,1.2649110640661283
1724676680.4077168,1.2649110640661247
1724676680.4088857,1.2649110640661212
1724676680.4096231,1.2649110640661212
1724676680.4106448,1.2649110640661176
1724676680.411605,1.2649110640661176
1724676680.4127116,1.264911064066114
1724676680.4136167,1.264911064066114
1724676680.4147139,1.2649110640661105
1724676680.4155645,1.2649110640661105
1724676680.4167345,1.264911064066107
1724676680.4176984,1.264911064066107
1724676680.4186354,1.2649110640661034
1724676680.4199603,1.2649110640661034
1724676680.420656,1.2649110640660999
1724676680.4216082,1.2649110640660999
1724676680.4225583,1.2649110640660963
1724676680.4235463,1.2649110640660928
1724676680.4248087,1.2649110640660892
1724676680.4257095,1.2649110640660892
1724676680.4267182,1.2649110640660857
1724676680.427908,1.2649110640660857
1724676680.4287114,1.2649110640660821
1724676680.4301739,1.2649110640660821
1724676680.430699,1.2649110640660786
1724676680.4317272,1.2649110640660786
1724676680.433041,1.264911064066075
1724676680.4336553,1.264911064066075
1724676680.4349697,1.2649110640660715
1724676680.436112,1.2649110640660715
1724676680.4367568,1.264911064066068
1724676680.4377208,1.264911064066068
1724676680.439006,1.2649110640660644
1724676680.4396875,1.2649110640660644
1724676680.4406333,1.2649110640660608
1724676680.441863,1.2649110640660572
1724676680.4428983,1.2649110640660572
1724676680.444393,1.2649110640660537
1724676680.445001,1.2649110640660537
1724676680.445709,1.2649110640660501
1724676680.4469774,1.2649110640660501
1724676680.4477568,1.2649110640660466
1724676680.4486141,1.264911064066043
1724676680.4500082,1.264911064066043
1724676680.4506106,1.2649110640660395
1724676680.4518504,1.2649110640660395
1724676680.4525988,1.264911064066036
1724676680.45389,1.264911064066036
1724676680.4550114,1.2649110640660324
1724676680.456383,1.2649110640660324
1724676680.45662,1.2649110640660288
1724676680.457694,1.2649110640660288
1724676680.458814,1.2649110640660253
1724676680.4597242,1.2649110640660253
1724676680.4606214,1.2649110640660217
1724676680.4618049,1.2649110640660217
1724676680.463221,1.2649110640660182
1724676680.464331,1.2649110640660182
1724676680.465546,1.2649110640660182
1724676680.4662757,1.2649110640660146
1724676680.4667234,1.2649110640660146
1724676680.4678802,1.264911064066011
1724676680.4691694,1.264911064066011
1724676680.4703054,1.2649110640660075
1724676680.4713492,1.2649110640660075
1724676680.47264,1.264911064066004
1724676680.4729142,1.264911064066004
1724676680.4735541,1.2649110640660004
1724676680.474919,1.2649110640660004
1724676680.4757483,1.2649110640659968
1724676680.4767985,1.2649110640659968
1724676680.47782,1.2649110640659933
1724676680.478654,1.2649110640659933
1724676680.4799106,1.2649110640659897
1724676680.4810803,1.2649110640659897
1724676680.482024,1.2649110640659862
1724676680.4826355,1.2649110640659862
1724676680.4835193,1.2649110640659826
1724676680.4850147,1.2649110640659826
1724676680.486172,1.264911064065979
1724676680.4879665,1.264911064065979
1724676680.4880195,1.2649110640659755
1724676680.4904225,1.2649110640659755
1724676680.4910176,1.2649110640659755
1724676680.4910545,1.264911064065972
1724676680.491871,1.264911064065972
1724676680.4928663,1.2649110640659684
1724676680.4936497,1.2649110640659684
1724676680.494899,1.2649110640659649
1724676680.4955795,1.2649110640659613
1724676680.4967132,1.2649110640659613
1724676680.4975128,1.2649110640659578
1724676680.4993644,1.2649110640659578
1724676680.499505,1.2649110640659542
1724676680.500707,1.2649110640659542
1724676680.5018582,1.2649110640659507
1724676680.5025806,1.2649110640659507
1724676680.5036318,1.264911064065947
1724676680.5047965,1.264911064065947
1724676680.5059586,1.2649110640659436
1724676680.5065124,1.2649110640659436
1724676680.5076578,1.26491106406594
1724676680.5086749,1.2649110640659365
1724676680.5097327,1.264911064065933
1724676680.51057,1.2649110640659293
1724676680.5116913,1.2649110640659293
1724676680.5125666,1.2649110640659258
1724676680.5137584,1.2649110640659258
1724676680.5149353,1.2649110640659222
1724676680.5157146,1.2649110640659222
1724676680.5167613,1.2649110640659187
1724676680.5176451,1.2649110640659151
1724676680.5187173,1.2649110640659151
1724676680.5195878,1.2649110640659151
1724676680.5206985,1.2649110640659151
1724676680.5216465,1.2649110640659116
1724676680.5225744,1.264911064065908
1724676680.5236304,1.2649110640659045
1724676680.524691,1.2649110640659045
1724676680.5256765,1.264911064065901
1724676680.5268958,1.264911064065901
1724676680.527606,1.2649110640658974
1724676680.5287971,1.2649110640658974
1724676680.5296843,1.2649110640658938
1724676680.5308225,1.2649110640658938
1724676680.5314653,1.2649110640658903
1724676680.5326664,1.2649110640658903
1724676680.5335464,1.2649110640658867
1724676680.5346432,1.2649110640658867
1724676680.535773,1.2649110640658832
1724676680.5368426,1.2649110640658832
1724676680.5380242,1.2649110640658796
1724676680.5389607,1.264911064065876
1724676680.5395198,1.264911064065876
1724676680.540536,1.2649110640658725
1724676680.5415487,1.2649110640658725
1724676680.5426443,1.264911064065869
1724676680.5436468,1.264911064065869
1724676680.5447135,1.2649110640658654
1724676680.5456324,1.2649110640658654
1724676680.5470567,1.2649110640658618
1724676680.547612,1.2649110640658618
1724676680.5486453,1.2649110640658618
1724676680.5499613,1.2649110640658583
1724676680.5506558,1.2649110640658583
1724676680.5516016,1.2649110640658547
1724676680.5537405,1.2649110640658547
1724676680.554538,1.2649110640658512
1724676680.5548825,1.2649110640658512
1724676680.5556061,1.2649110640658476
1724676680.55743,1.2649110640658476
1724676680.5580351,1.264911064065844
1724676680.5589383,1.264911064065844
1724676680.5596392,1.2649110640658405
1724676680.5608015,1.2649110640658405
1724676680.5617597,1.264911064065837
1724676680.5627995,1.264911064065837
1724676680.5637977,1.2649110640658334
1724676680.5648067,1.2649110640658299
1724676680.565907,1.2649110640658299
1724676680.5671308,1.2649110640658263
1724676680.567823,1.2649110640658263
1724676680.5686767,1.2649110640658228
1724676680.5703516,1.2649110640658228
1724676680.5708592,1.2649110640658228
1724676680.571706,1.2649110640658192
1724676680.5726526,1.2649110640658192
1724676680.5737207,1.2649110640658192
1724676680.5746539,1.2649110640658157
1724676680.5756986,1.264911064065812
1724676680.5768278,1.2649110640658086
1724676680.5777595,1.2649110640658086
1724676680.578735,1.264911064065805
1724676680.5797162,1.2649110640658014
1724676680.5809262,1.2649110640658014
1724676680.5815656,1.264911064065798
1724676680.582976,1.264911064065798
1724676680.583562,1.2649110640657943
1724676680.5846992,1.2649110640657943
1724676680.5855403,1.2649110640657908
1724676680.587096,1.2649110640657908
1724676680.5879674,1.2649110640657872
1724676680.5887513,1.2649110640657872
1724676680.589723,1.2649110640657837
1724676680.590554,1.2649110640657837
1724676680.5917017,1.2649110640657801
1724676680.5926335,1.2649110640657801
1724676680.5935576,1.2649110640657766
1724676680.5949566,1.2649110640657766
1724676680.595928,1.264911064065773
1724676680.5966144,1.2649110640657695
1724676680.5977309,1.2649110640657695
1724676680.598675,1.264911064065766
1724676680.599897,1.264911064065766
1724676680.6008859,1.2649110640657624
1724676680.6018198,1.2649110640657624
1724676680.6035075,1.2649110640657588
1724676680.603942,1.2649110640657588
1724676680.6046643,1.2649110640657588
1724676680.6057239,1.2649110640657553
1724676680.6070564,1.2649110640657553
1724676680.607517,1.2649110640657517
1724676680.6086907,1.2649110640657517
1724676680.609663,1.2649110640657482
1724676680.6108656,1.2649110640657446
1724676680.611742,1.2649110640657446
1724676680.612764,1.264911064065741
1724676680.6140075,1.264911064065741
1724676680.6147225,1.2649110640657375
1724676680.6160924,1.2649110640657375
1724676680.6165109,1.264911064065734
1724676680.6178389,1.264911064065734
1724676680.618572,1.2649110640657304
1724676680.6197543,1.2649110640657304
1724676680.6220562,1.2649110640657268
1724676680.6231143,1.2649110640657268
1724676680.6242144,1.2649110640657268
1724676680.6245332,1.2649110640657233
1724676680.625539,1.2649110640657197
1724676680.626706,1.2649110640657162
1724676680.627542,1.2649110640657162
1724676680.6287963,1.2649110640657126
1724676680.6299026,1.2649110640657126
1724676680.630594,1.264911064065709
1724676680.6317208,1.264911064065709
1724676680.6325595,1.2649110640657055
1724676680.6336472,1.2649110640657055
1724676680.6348844,1.264911064065702
1724676680.6357596,1.264911064065702
1724676680.6370687,1.2649110640656984
1724676680.6378963,1.2649110640656984
1724676680.639281,1.2649110640656949
1724676680.6396885,1.2649110640656949
1724676680.6406622,1.2649110640656913
1724676680.6416574,1.2649110640656913
1724676680.6425595,1.2649110640656878
1724676680.6439588,1.2649110640656842
1724676680.6445518,1.2649110640656807
1724676680.6458788,1.2649110640656807
1724676680.6471066,1.264911064065677
1724676680.6476274,1.264911064065677
1724676680.6490874,1.264911064065677
1724676680.6499684,1.2649110640656736
1724676680.65127,1.2649110640656736
1724676680.6516902,1.26491106406567
1724676680.6530094,1.26491106406567
1724676680.6557474,1.26491106406567
1724676680.6557949,1.2649110640656664
1724676680.656704,1.2649110640656664
1724676680.6575706,1.264911064065663
1724676680.6586552,1.264911064065663
1724676680.6598425,1.2649110640656593
1724676680.6608486,1.2649110640656593
1724676680.66163,1.2649110640656558
1724676680.6626263,1.2649110640656558
1724676680.6636298,1.2649110640656522
1724676680.6644943,1.2649110640656522
1724676680.6662743,1.2649110640656487
1724676680.6670375,1.2649110640656487
1724676680.6676087,1.2649110640656451
1724676680.668593,1.2649110640656451
1724676680.6701484,1.2649110640656416
1724676680.6734698,1.2649110640656416
1724676680.6739714,1.264911064065638
1724676680.6745548,1.2649110640656345
1724676680.6756265,1.2649110640656345
1724676680.6766493,1.264911064065631
1724676680.677753,1.264911064065631
1724676680.678558,1.2649110640656274
1724676680.6795294,1.2649110640656274
1724676680.6805987,1.2649110640656238
1724676680.681503,1.2649110640656203
1724676680.682789,1.2649110640656167
1724676680.683556,1.2649110640656132
1724676680.684839,1.2649110640656096
1724676680.685573,1.2649110640656096
1724676680.687481,1.264911064065606
1724676680.6882896,1.264911064065606
1724676680.6885865,1.2649110640656025
1724676680.6897485,1.2649110640656025
1724676680.6905272,1.264911064065599
1724676680.691573,1.264911064065599
1724676680.692893,1.2649110640655954
1724676680.6936896,1.2649110640655918
1724676680.6948335,1.2649110640655918
1724676680.6957138,1.2649110640655883
1724676680.6966953,1.2649110640655847
1724676680.6976676,1.2649110640655847
1724676680.6985497,1.2649110640655812
1724676680.7000382,1.2649110640655812
1724676680.700937,1.2649110640655776
1724676680.701867,1.2649110640655776
1724676680.703368,1.264911064065574
1724676680.703939,1.264911064065574
1724676680.7052493,1.2649110640655705
1724676680.7058065,1.2649110640655705
1724676680.706567,1.2649110640655705
1724676680.7076678,1.2649110640655705
1724676680.7085445,1.264911064065567
1724676680.7096233,1.264911064065567
1724676680.7106268,1.2649110640655634
1724676680.7116861,1.2649110640655634
1724676680.7125988,1.2649110640655599
1724676680.7138815,1.2649110640655599
1724676680.7147481,1.2649110640655563
1724676680.7157722,1.2649110640655563
1724676680.716908,1.2649110640655528
1724676680.7177763,1.2649110640655528
1724676680.7188263,1.2649110640655492
1724676680.720017,1.2649110640655492
1724676680.7208533,1.2649110640655457
1724676680.721964,1.2649110640655457
1724676680.7228723,1.264911064065542
1724676680.72367,1.264911064065542
1724676680.7246146,1.2649110640655385
1724676680.7259476,1.2649110640655385
1724676680.7278414,1.264911064065535
1724676680.728438,1.264911064065535
1724676680.7287688,1.264911064065535
1724676680.7297425,1.2649110640655314
1724676680.7307942,1.2649110640655314
1724676680.7318113,1.264911064065528
1724676680.7325373,1.2649110640655243
1724676680.7338915,1.2649110640655243
1724676680.7346852,1.2649110640655243
1724676680.7359378,1.2649110640655208
1724676680.738359,1.2649110640655208
1724676680.7383997,1.2649110640655208
1724676680.7390156,1.2649110640655172
1724676680.7398314,1.2649110640655172
1724676680.741004,1.2649110640655172
1724676680.7418113,1.2649110640655137
1724676680.743018,1.2649110640655137
1724676680.7440484,1.2649110640655101
1724676680.7450354,1.2649110640655066
1724676680.7458434,1.2649110640655066
1724676680.7465928,1.264911064065503
1724676680.7475662,1.2649110640654995
1724676680.748524,1.2649110640654995
1724676680.7496626,1.264911064065496
1724676680.750815,1.2649110640654924
1724676680.7521656,1.2649110640654924
1724676680.7528033,1.2649110640654888
1724676680.7538474,1.2649110640654888
1724676680.755008,1.2649110640654853
1724676680.7555292,1.2649110640654817
1724676680.7568746,1.2649110640654782
1724676680.7574747,1.2649110640654746
1724676680.7587106,1.264911064065471
1724676680.759604,1.264911064065471
1724676680.7606423,1.2649110640654675
1724676680.7616549,1.2649110640654675
1724676680.762542,1.264911064065464
1724676680.7640803,1.264911064065464
1724676680.7648509,1.2649110640654604
1724676680.7668521,1.2649110640654604
1724676680.7669003,1.2649110640654568
1724676680.767752,1.2649110640654568
1724676680.7685726,1.2649110640654533
1724676680.770689,1.2649110640654533
1724676680.7711158,1.2649110640654497
1724676680.7719338,1.2649110640654497
1724676680.7731164,1.2649110640654497
1724676680.7740426,1.2649110640654497
1724676680.7746267,1.2649110640654462
1724676680.7757578,1.2649110640654462
1724676680.7766943,1.2649110640654426
1724676680.777699,1.2649110640654426
1724676680.7787251,1.264911064065439
1724676680.7798305,1.264911064065439
1724676680.7807212,1.2649110640654355
1724676680.7818484,1.2649110640654355
1724676680.7830052,1.264911064065432
1724676680.783719,1.264911064065432
1724676680.784746,1.2649110640654284
1724676680.7856665,1.2649110640654249
1724676680.7874992,1.2649110640654249
1724676680.7877524,1.2649110640654213
1724676680.7888517,1.2649110640654213
1724676680.7898836,1.2649110640654178
1724676680.7910104,1.2649110640654178
1724676680.7918525,1.2649110640654142
1724676680.7927637,1.2649110640654107
1724676680.7938128,1.264911064065407
1724676680.794953,1.264911064065407
1724676680.7956982,1.2649110640654035
1724676680.7968407,1.2649110640654
1724676680.7977123,1.2649110640654
1724676680.798567,1.2649110640653964
1724676680.8000758,1.2649110640653964
1724676680.8007715,1.2649110640653929
1724676680.8021877,1.2649110640653929
1724676680.8042655,1.2649110640653893
1724676680.8061774,1.2649110640653893
1724676680.806325,1.2649110640653893
1724676680.806762,1.2649110640653858
1724676680.8076522,1.2649110640653858
1724676680.8086257,1.2649110640653822
1724676680.809647,1.2649110640653822
1724676680.8105214,1.2649110640653787
1724676680.8118324,1.2649110640653787
1724676680.81291,1.2649110640653751
1724676680.813677,1.2649110640653751
1724676680.8149168,1.2649110640653716
1724676680.8157096,1.2649110640653716
1724676680.8169997,1.264911064065368
1724676680.8175976,1.264911064065368
1724676680.818879,1.2649110640653645
1724676680.8202827,1.2649110640653645
1724676680.8220448,1.264911064065361
1724676680.8220875,1.264911064065361
1724676680.8231502,1.264911064065361
1724676680.8245718,1.2649110640653574
1724676680.8250794,1.2649110640653538
1724676680.8258061,1.2649110640653503
1724676680.8266838,1.2649110640653467
1724676680.8277986,1.2649110640653467
1724676680.8286633,1.2649110640653431
1724676680.8296852,1.2649110640653431
1724676680.8321812,1.2649110640653396
1724676680.833053,1.2649110640653396
1724676680.8343253,1.264911064065336
1724676680.834852,1.264911064065336
1724676680.8354971,1.2649110640653325
1724676680.836773,1.2649110640653325
1724676680.837637,1.264911064065329
1724676680.8392322,1.264911064065329
1724676680.8397033,1.264911064065329
1724676680.8405402,1.264911064065329
1724676680.8416631,1.2649110640653254
1724676680.8425875,1.2649110640653218
1724676680.843575,1.2649110640653218
1724676680.8445868,1.2649110640653183
1724676680.8455908,1.2649110640653183
1724676680.846539,1.2649110640653147
1724676680.8479033,1.2649110640653112
1724676680.8486652,1.2649110640653112
1724676680.849737,1.2649110640653076
1724676680.8509624,1.264911064065304
1724676680.8517458,1.264911064065304
1724676680.8527172,1.2649110640653005
1724676680.8537536,1.2649110640653005
1724676680.8548663,1.264911064065297
1724676680.8557427,1.264911064065297
1724676680.856766,1.2649110640652934
1724676680.8577685,1.2649110640652934
1724676680.858707,1.2649110640652899
1724676680.8597882,1.2649110640652899
1724676680.8606765,1.2649110640652863
1724676680.861888,1.2649110640652828
1724676680.8626983,1.2649110640652792
1724676680.863981,1.2649110640652792
1724676680.8647656,1.2649110640652756
1724676680.8663797,1.2649110640652756
1724676680.8667102,1.264911064065272
1724676680.8677223,1.264911064065272
1724676680.8689244,1.2649110640652685
1724676680.8700213,1.2649110640652685
1724676680.8709035,1.2649110640652685
1724676680.872334,1.2649110640652685
1724676680.8725913,1.264911064065265
1724676680.8735976,1.264911064065265
1724676680.8747566,1.2649110640652614
1724676680.8757067,1.2649110640652614
1724676680.876864,1.2649110640652579
1724676680.877983,1.2649110640652579
1724676680.8788366,1.2649110640652579
1724676680.879501,1.2649110640652543
1724676680.880587,1.2649110640652543
1724676680.8817534,1.2649110640652508
1724676680.8835762,1.2649110640652508
1724676680.8838089,1.2649110640652472
1724676680.8846202,1.2649110640652472
1724676680.8856008,1.2649110640652472
1724676680.8865976,1.2649110640652437
1724676680.887899,1.2649110640652437
1724676680.8889318,1.2649110640652401
1724676680.8896506,1.2649110640652401
1724676680.891115,1.2649110640652401
1724676680.8919516,1.2649110640652366
1724676680.892953,1.2649110640652366
1724676680.8937595,1.2649110640652366
1724676680.8945534,1.264911064065233
1724676680.8954992,1.264911064065233
1724676680.8965535,1.2649110640652295
1724676680.8976562,1.2649110640652295
1724676680.8986125,1.264911064065226
1724676680.8999617,1.264911064065226
1724676680.9006307,1.2649110640652224
1724676680.901544,1.2649110640652188
1724676680.9032295,1.2649110640652188
1724676680.9040759,1.2649110640652153
1724676680.904805,1.2649110640652153
1724676680.9058447,1.2649110640652153
1724676680.9067397,1.2649110640652117
1724676680.907824,1.2649110640652117
1724676680.9085958,1.2649110640652081
1724676680.9095798,1.2649110640652046
1724676680.9105558,1.264911064065201
1724676680.9117684,1.2649110640651975
1724676680.912499,1.264911064065194
1724676680.9140766,1.2649110640651904
1724676680.9146152,1.2649110640651868
1724676680.91579,1.2649110640651868
1724676680.9167666,1.2649110640651833
1724676680.9176261,1.2649110640651797
1724676680.9186347,1.2649110640651762
1724676680.9203362,1.2649110640651762
1724676680.921319,1.2649110640651726
1724676680.9216557,1.2649110640651726
1724676680.9226475,1.2649110640651726
1724676680.9236345,1.264911064065169
1724676680.9246368,1.264911064065169
1724676680.9264362,1.264911064065169
1724676680.9265025,1.2649110640651655
1724676680.9275718,1.264911064065162
1724676680.928541,1.264911064065162
1724676680.9299946,1.2649110640651584
1724676680.9306624,1.2649110640651549
1724676680.9319296,1.2649110640651549
1724676680.932585,1.2649110640651513
1724676680.933827,1.2649110640651513
1724676680.9346032,1.2649110640651477
1724676680.9371302,1.2649110640651477
1724676680.9380517,1.2649110640651442
1724676680.938704,1.2649110640651442
1724676680.9396296,1.2649110640651442
1724676680.940573,1.2649110640651406
1724676680.9422197,1.264911064065137
1724676680.942537,1.264911064065137
1724676680.943654,1.2649110640651335
1724676680.9446037,1.26491106406513
1724676680.9457633,1.2649110640651264
1724676680.9466088,1.2649110640651229
1724676680.9477992,1.2649110640651193
1724676680.949215,1.2649110640651158
1724676680.9495382,1.2649110640651158
1724676680.9506133,1.2649110640651122
1724676680.9515355,1.2649110640651122
1724676680.9534311,1.2649110640651087
1724676680.9535835,1.2649110640651087
1724676680.9546778,1.2649110640651087
1724676680.955846,1.2649110640651051
1724676680.956748,1.2649110640651051
1724676680.9579048,1.2649110640651016
1724676680.9589417,1.264911064065098
1724676680.9596028,1.264911064065098
1724676680.9608798,1.2649110640650945
1724676680.9616807,1.264911064065091
1724676680.9628146,1.264911064065091
1724676680.963822,1.2649110640650874
1724676680.9646416,1.2649110640650874
1724676680.9657466,1.2649110640650838
1724676680.9666984,1.2649110640650838
1724676680.967588,1.2649110640650802
1724676680.9686012,1.2649110640650767
1724676680.9701076,1.2649110640650767
1724676680.9706686,1.2649110640650731
1724676680.9716203,1.2649110640650731
1724676680.9726536,1.2649110640650696
1724676680.9736967,1.264911064065066
1724676680.974668,1.264911064065066
1724676680.9757283,1.2649110640650625
1724676680.9765723,1.264911064065059
1724676680.9777164,1.264911064065059
1724676680.9786215,1.2649110640650554
1724676680.9796813,1.2649110640650518
1724676680.9806015,1.2649110640650518
1724676680.9815917,1.2649110640650483
1724676680.9826138,1.2649110640650483
1724676680.9836054,1.2649110640650447
1724676680.9847007,1.2649110640650447
1724676680.9855924,1.2649110640650412
1724676680.9867535,1.2649110640650412
1724676680.9878504,1.2649110640650376
1724676680.9887033,1.2649110640650376
1724676680.9896934,1.264911064065034
1724676680.9907513,1.2649110640650305
1724676680.9917264,1.2649110640650305
1724676680.9927175,1.264911064065027
1724676680.993606,1.264911064065027
1724676680.9947448,1.2649110640650234
1724676680.995767,1.2649110640650234
1724676680.996718,1.2649110640650199
1724676680.9980035,1.2649110640650199
1724676680.999875,1.2649110640650163
1724676681.0007887,1.2649110640650163
1724676681.001892,1.2649110640650127
1724676681.003042,1.2649110640650092
1724676681.0036125,1.2649110640650092
1724676681.00466,1.2649110640650092
1724676681.0058804,1.2649110640650056
1724676681.0066812,1.2649110640650056
1724676681.0078502,1.264911064065002
1724676681.0086176,1.2649110640649985
1724676681.0096693,1.2649110640649985
1724676681.010667,1.2649110640649985
1724676681.011545,1.264911064064995
1724676681.0126352,1.264911064064995
1724676681.0137227,1.2649110640649914
1724676681.0145664,1.2649110640649914
1724676681.0160453,1.2649110640649879
1724676681.0166178,1.2649110640649879
1724676681.018019,1.2649110640649879
1724676681.0186636,1.2649110640649843
1724676681.0200772,1.2649110640649843
1724676681.020857,1.2649110640649843
1724676681.0215936,1.2649110640649808
1724676681.0227149,1.2649110640649808
1724676681.0239246,1.2649110640649772
1724676681.0246582,1.2649110640649772
1724676681.025599,1.2649110640649737
1724676681.0267558,1.2649110640649701
1724676681.0276282,1.2649110640649701
1724676681.028655,1.2649110640649666
1724676681.0297034,1.2649110640649666
1724676681.0307207,1.264911064064963
1724676681.0317001,1.264911064064963
1724676681.0330572,1.2649110640649595
1724676681.0337114,1.2649110640649595
1724676681.0346713,1.264911064064956
1724676681.0357544,1.264911064064956
1724676681.0368953,1.264911064064956
1724676681.0382318,1.2649110640649524
1724676681.0386517,1.2649110640649524
1724676681.0397599,1.2649110640649524
1724676681.0406132,1.2649110640649488
1724676681.0418184,1.2649110640649488
1724676681.0427341,1.2649110640649452
1724676681.0436912,1.2649110640649452
1724676681.0448549,1.2649110640649417
1724676681.0457761,1.2649110640649417
1724676681.0466468,1.2649110640649381
1724676681.0476675,1.2649110640649381
1724676681.0498981,1.2649110640649346
1724676681.0510452,1.2649110640649346
1724676681.0518663,1.264911064064931
1724676681.0528815,1.2649110640649275
1724676681.0544078,1.264911064064924
1724676681.054884,1.264911064064924
1724676681.0555525,1.2649110640649204
1724676681.056555,1.2649110640649204
1724676681.0575752,1.2649110640649168
1724676681.05887,1.2649110640649168
1724676681.0596669,1.2649110640649133
1724676681.0607018,1.2649110640649133
1724676681.0617232,1.2649110640649097
1724676681.062533,1.2649110640649097
1724676681.0636191,1.2649110640649062
1724676681.0645835,1.2649110640649026
1724676681.0661166,1.2649110640649026
1724676681.067242,1.264911064064899
1724676681.0679946,1.264911064064899
1724676681.0687494,1.264911064064899
1724676681.0695436,1.2649110640648955
1724676681.070817,1.2649110640648955
1724676681.0721939,1.264911064064892
1724676681.0725555,1.2649110640648884
1724676681.0735552,1.2649110640648848
1724676681.074563,1.2649110640648813
1724676681.0756168,1.2649110640648813
1724676681.076665,1.2649110640648777
1724676681.077569,1.2649110640648777
1724676681.0789053,1.2649110640648742
1724676681.0795445,1.2649110640648706
1724676681.080746,1.2649110640648706
1724676681.0818026,1.264911064064867
1724676681.0825615,1.2649110640648635
1724676681.0837297,1.2649110640648635
1724676681.0845594,1.26491106406486
1724676681.0858417,1.26491106406486
1724676681.0866048,1.2649110640648564
1724676681.0878632,1.2649110640648564
1724676681.0887444,1.2649110640648529
1724676681.0894866,1.2649110640648493
1724676681.0907378,1.2649110640648493
1724676681.0918992,1.2649110640648458
1724676681.0925496,1.2649110640648422
1724676681.0936263,1.2649110640648422
1724676681.0946307,1.2649110640648387
1724676681.0956893,1.2649110640648387
1724676681.0965443,1.2649110640648351
1724676681.0975094,1.2649110640648316
1724676681.0986505,1.264911064064828
1724676681.099727,1.2649110640648245
1724676681.100679,1.264911064064821
1724676681.1016665,1.2649110640648173
1724676681.1025681,1.2649110640648173
1724676681.104334,1.2649110640648138
1724676681.1046884,1.2649110640648138
1724676681.1055737,1.2649110640648102
1724676681.1069813,1.2649110640648102
1724676681.107606,1.2649110640648067
1724676681.1088607,1.2649110640648031
1724676681.1095243,1.2649110640648031
1724676681.1106956,1.2649110640647996
1724676681.1115313,1.264911064064796
1724676681.112552,1.2649110640647925
1724676681.113528,1.264911064064789
1724676681.1146636,1.2649110640647854
1724676681.1160882,1.2649110640647854
1724676681.1169522,1.2649110640647818
1724676681.1176014,1.2649110640647818
1724676681.1186829,1.2649110640647783
1724676681.119579,1.2649110640647747
1724676681.1207764,1.2649110640647747
1724676681.1214936,1.2649110640647712
1724676681.1225324,1.2649110640647676
1724676681.123601,1.264911064064764
1724676681.12454,1.2649110640647605
1724676681.1254601,1.264911064064757
1724676681.1265032,1.264911064064757
1724676681.127719,1.2649110640647534
1724676681.12868,1.2649110640647498
1724676681.1297233,1.2649110640647498
1724676681.1306312,1.2649110640647463
1724676681.1316097,1.2649110640647463
1724676681.1326685,1.2649110640647427
1724676681.133587,1.2649110640647427
1724676681.1345484,1.2649110640647392
1724676681.1357496,1.2649110640647392
1724676681.1366265,1.2649110640647356
1724676681.1379685,1.2649110640647356
1724676681.1387112,1.264911064064732
1724676681.1395564,1.2649110640647285
1724676681.140578,1.264911064064725
1724676681.1415474,1.264911064064725
1724676681.1424818,1.2649110640647214
1724676681.143681,1.2649110640647214
1724676681.144597,1.2649110640647179
1724676681.1454682,1.2649110640647143
1724676681.1465664,1.2649110640647143
1724676681.1479945,1.2649110640647108
1724676681.1490157,1.2649110640647108
1724676681.1498969,1.2649110640647072
1724676681.150751,1.2649110640647072
1724676681.1518962,1.2649110640647037
1724676681.1527617,1.2649110640647037
1724676681.1537547,1.2649110640647
1724676681.1552422,1.2649110640647
1724676681.1556025,1.2649110640646966
1724676681.1568305,1.264911064064693
1724676681.1575596,1.264911064064693
1724676681.1585906,1.2649110640646894
1724676681.1595464,1.264911064064686
1724676681.160727,1.264911064064686
1724676681.161609,1.2649110640646823
1724676681.1626644,1.2649110640646788
1724676681.1638086,1.2649110640646788
1724676681.1645505,1.2649110640646752
1724676681.1660151,1.2649110640646752
1724676681.1669059,1.2649110640646717
1724676681.1677763,1.2649110640646681
1724676681.1687984,1.2649110640646681
1724676681.1702871,1.2649110640646646
1724676681.1705942,1.2649110640646646
1724676681.1718228,1.264911064064661
1724676681.1726072,1.264911064064661
1724676681.1736305,1.2649110640646575
1724676681.1746123,1.264911064064654
1724676681.1757104,1.2649110640646504
1724676681.1766312,1.2649110640646504
1724676681.1775284,1.2649110640646468
1724676681.1785111,1.2649110640646433
1724676681.179683,1.2649110640646433
1724676681.1806347,1.2649110640646397
1724676681.1816456,1.2649110640646397
1724676681.182519,1.2649110640646362
1724676681.1836429,1.2649110640646326
1724676681.1845696,1.2649110640646326
1724676681.1854713,1.264911064064629
1724676681.1867235,1.2649110640646255
1724676681.1876976,1.2649110640646255
1724676681.188512,1.264911064064622
1724676681.1896508,1.2649110640646184
1724676681.1906776,1.2649110640646184
1724676681.191493,1.2649110640646148
1724676681.1926446,1.2649110640646148
1724676681.193557,1.2649110640646113
1724676681.194522,1.2649110640646077
1724676681.1956828,1.2649110640646042
1724676681.196568,1.2649110640646006
1724676681.197553,1.264911064064597
1724676681.198903,1.2649110640645935
1724676681.199523,1.2649110640645935
1724676681.2005277,1.26491106406459
1724676681.2017043,1.26491106406459
1724676681.2025702,1.26491106406459
1724676681.2047572,1.2649110640645864
1724676681.2048016,1.2649110640645864
1724676681.2055855,1.2649110640645864
1724676681.2065816,1.2649110640645829
1724676681.2077403,1.2649110640645829
1724676681.208558,1.2649110640645793
1724676681.2096453,1.2649110640645758
1724676681.2106142,1.2649110640645722
1724676681.2118142,1.2649110640645722
1724676681.2125432,1.2649110640645687
1724676681.213866,1.264911064064565
1724676681.2147954,1.264911064064565
1724676681.2157578,1.264911064064565
1724676681.2165854,1.2649110640645616
1724676681.217577,1.2649110640645616
1724676681.2185247,1.264911064064558
1724676681.2211008,1.264911064064558
1724676681.2218204,1.2649110640645544
1724676681.2233148,1.2649110640645544
1724676681.224893,1.264911064064551
1724676681.2249389,1.264911064064551
1724676681.226226,1.264911064064551
1724676681.2271552,1.2649110640645473
1724676681.2280402,1.2649110640645473
1724676681.2288742,1.2649110640645473
1724676681.2299647,1.2649110640645438
1724676681.2307022,1.2649110640645438
1724676681.2321463,1.2649110640645402
1724676681.2327027,1.2649110640645402
1724676681.2339573,1.2649110640645402
1724676681.234604,1.2649110640645367
1724676681.23579,1.2649110640645367
1724676681.2367773,1.2649110640645331
1724676681.2384894,1.2649110640645331
1724676681.239091,1.2649110640645296
1724676681.239908,1.2649110640645296
1724676681.240551,1.2649110640645296
1724676681.241534,1.264911064064526
1724676681.242948,1.2649110640645225
1724676681.243957,1.2649110640645225
1724676681.244637,1.264911064064519
1724676681.2457275,1.264911064064519
1724676681.246804,1.264911064064519
1724676681.2479167,1.2649110640645154
1724676681.2486398,1.2649110640645154
1724676681.2500317,1.2649110640645118
1724676681.2505512,1.2649110640645118
1724676681.2515187,1.2649110640645083
1724676681.2524943,1.2649110640645083
1724676681.253559,1.2649110640645047
1724676681.2545805,1.2649110640645047
1724676681.2555444,1.2649110640645012
1724676681.256552,1.2649110640644976
1724676681.2575045,1.2649110640644976
1724676681.258493,1.264911064064494
1724676681.2595568,1.2649110640644905
1724676681.260481,1.2649110640644905
1724676681.2615545,1.264911064064487
1724676681.2625422,1.2649110640644834
1724676681.2635584,1.2649110640644798
1724676681.264718,1.2649110640644798
1724676681.2657616,1.2649110640644763
1724676681.266571,1.2649110640644727
1724676681.2678392,1.2649110640644727
1724676681.2685897,1.2649110640644692
1724676681.2695937,1.2649110640644656
1724676681.270616,1.2649110640644656
1724676681.2715194,1.264911064064462
1724676681.2725506,1.2649110640644585
1724676681.2736335,1.264911064064455
1724676681.2745833,1.2649110640644514
1724676681.2755723,1.2649110640644479
1724676681.2765608,1.2649110640644479
1724676681.2775414,1.2649110640644443
1724676681.2785442,1.2649110640644443
1724676681.2797463,1.2649110640644408
1724676681.2808805,1.2649110640644408
1724676681.2815423,1.2649110640644372
1724676681.2828784,1.2649110640644372
1724676681.283531,1.2649110640644337
1724676681.284668,1.26491106406443
1724676681.2856147,1.26491106406443
1724676681.2868805,1.2649110640644265
1724676681.2877622,1.2649110640644265
1724676681.2888207,1.264911064064423
1724676681.2896678,1.264911064064423
1724676681.290641,1.2649110640644194
1724676681.291929,1.2649110640644194
1724676681.2925415,1.264911064064416
1724676681.2936935,1.2649110640644123
1724676681.2946103,1.2649110640644088
1724676681.2956913,1.2649110640644052
1724676681.2969215,1.2649110640644052
1724676681.2975447,1.2649110640644017
1724676681.2984865,1.2649110640643981
1724676681.2998462,1.2649110640643981
1724676681.300568,1.2649110640643946
1724676681.3016663,1.264911064064391
1724676681.3025763,1.2649110640643875
1724676681.3037655,1.2649110640643875
1724676681.3046625,1.264911064064384
1724676681.3056302,1.264911064064384
1724676681.3067708,1.2649110640643804
1724676681.307538,1.2649110640643768
1724676681.3087988,1.2649110640643768
1724676681.3095865,1.2649110640643733
1724676681.3105433,1.2649110640643697
1724676681.311613,1.2649110640643662
1724676681.3128726,1.2649110640643662
1724676681.3135567,1.2649110640643626
1724676681.3147922,1.2649110640643626
1724676681.3166153,1.264911064064359
1724676681.3169851,1.264911064064359
1724676681.317554,1.264911064064359
1724676681.3186488,1.2649110640643555
1724676681.3197472,1.2649110640643555
1724676681.3213072,1.264911064064352
1724676681.3216588,1.264911064064352
1724676681.3227274,1.2649110640643484
1724676681.3234694,1.2649110640643448
1724676681.3253353,1.2649110640643413
1724676681.3255782,1.2649110640643377
1724676681.326708,1.2649110640643377
1724676681.3275926,1.2649110640643342
1724676681.3285995,1.2649110640643342
1724676681.3295932,1.2649110640643306
1724676681.3308754,1.264911064064327
1724676681.331491,1.2649110640643235
1724676681.332928,1.2649110640643235
1724676681.3336155,1.26491106406432
1724676681.3347878,1.2649110640643164
1724676681.335878,1.2649110640643164
1724676681.3372157,1.2649110640643129
1724676681.3376608,1.2649110640643129
1724676681.338748,1.2649110640643129
1724676681.3395967,1.2649110640643093
1724676681.340902,1.2649110640643058
1724676681.3416176,1.2649110640643022
1724676681.3425229,1.2649110640642987
1724676681.3437042,1.2649110640642987
1724676681.344659,1.264911064064295
1724676681.3457754,1.264911064064295
1724676681.3465326,1.2649110640642915
1724676681.3478925,1.2649110640642915
1724676681.3490689,1.264911064064288
1724676681.3501527,1.2649110640642844
1724676681.3507614,1.2649110640642844
1724676681.3517177,1.2649110640642844
1724676681.3530784,1.2649110640642809
1724676681.354518,1.2649110640642809
1724676681.3548582,1.2649110640642809
1724676681.3555572,1.2649110640642773
1724676681.356885,1.2649110640642773
1724676681.3575563,1.2649110640642738
1724676681.3585794,1.2649110640642738
1724676681.3595426,1.2649110640642702
1724676681.3605845,1.2649110640642667
1724676681.3616679,1.2649110640642631
1724676681.3625875,1.2649110640642596
1724676681.3635619,1.2649110640642596
1724676681.3650234,1.264911064064256
1724676681.3664834,1.264911064064256
1724676681.3669116,1.2649110640642525
1724676681.367545,1.2649110640642525
1724676681.3690035,1.264911064064249
1724676681.3697104,1.264911064064249
1724676681.3712046,1.2649110640642454
1724676681.3717163,1.2649110640642454
1724676681.3734508,1.2649110640642418
1724676681.3739898,1.2649110640642418
1724676681.374717,1.2649110640642383
1724676681.3755398,1.2649110640642347
1724676681.3765244,1.2649110640642311
1724676681.3778856,1.2649110640642311
1724676681.3787751,1.2649110640642276
1724676681.379965,1.2649110640642276
1724676681.3806372,1.264911064064224
1724676681.381814,1.2649110640642205
1724676681.382613,1.2649110640642205
1724676681.3838415,1.264911064064217
1724676681.3845186,1.264911064064217
1724676681.385664,1.264911064064217
1724676681.386865,1.2649110640642134
1724676681.3877583,1.2649110640642134
1724676681.3891075,1.2649110640642134
1724676681.390009,1.2649110640642098
1724676681.3906991,1.2649110640642063
1724676681.3916738,1.2649110640642063
1724676681.3927436,1.2649110640642027
1724676681.393568,1.2649110640642027
1724676681.394554,1.2649110640641992
1724676681.3956769,1.2649110640641992
1724676681.3964918,1.2649110640641956
1724676681.3975039,1.2649110640641956
1724676681.3996048,1.264911064064192
1724676681.3999255,1.264911064064192
1724676681.4008098,1.2649110640641885
1724676681.4015875,1.264911064064185
1724676681.4035714,1.264911064064185
1724676681.4038959,1.2649110640641814
1724676681.4049652,1.2649110640641814
1724676681.4056551,1.2649110640641814
1724676681.406916,1.2649110640641779
1724676681.4077399,1.2649110640641779
1724676681.4085798,1.2649110640641743
1724676681.4096503,1.2649110640641743
1724676681.4109077,1.2649110640641708
1724676681.412096,1.2649110640641708
1724676681.412794,1.2649110640641672
1724676681.4140499,1.2649110640641672
1724676681.4147422,1.2649110640641636
1724676681.4159667,1.2649110640641636
1724676681.4166002,1.26491106406416
1724676681.417588,1.26491106406416
1724676681.418822,1.2649110640641565
1724676681.4203742,1.2649110640641565
1724676681.4212782,1.264911064064153
1724676681.4218683,1.264911064064153
1724676681.42279,1.2649110640641494
1724676681.4236062,1.2649110640641459
1724676681.4248724,1.2649110640641459
1724676681.4255972,1.2649110640641423
1724676681.4267294,1.2649110640641423
1724676681.4277027,1.2649110640641388
1724676681.4289103,1.2649110640641388
1724676681.4297884,1.2649110640641352
1724676681.430644,1.2649110640641352
1724676681.4317064,1.2649110640641317
1724676681.4328043,1.2649110640641317
1724676681.4336338,1.2649110640641281
1724676681.434635,1.2649110640641246
1724676681.4358265,1.2649110640641246
1724676681.4368062,1.264911064064121
1724676681.4377472,1.264911064064121
1724676681.4386427,1.2649110640641175
1724676681.4398577,1.2649110640641175
1724676681.440552,1.264911064064114
1724676681.4420004,1.264911064064114
1724676681.4425337,1.2649110640641104
1724676681.4438753,1.2649110640641068
1724676681.444471,1.2649110640641068
1724676681.4458466,1.2649110640641033
1724676681.4466593,1.2649110640640997
1724676681.4476454,1.2649110640640997
1724676681.448749,1.2649110640640997
1724676681.4498382,1.2649110640640961
1724676681.4507515,1.2649110640640961
1724676681.451737,1.2649110640640926
1724676681.4528246,1.2649110640640926
1724676681.4548514,1.264911064064089
1724676681.455312,1.264911064064089
1724676681.4555495,1.2649110640640855
1724676681.4564865,1.264911064064082
1724676681.4576466,1.264911064064082
1724676681.4585736,1.2649110640640784
1724676681.4598424,1.2649110640640784
1724676681.460556,1.2649110640640748
1724676681.4616091,1.2649110640640748
1724676681.4625292,1.2649110640640713
1724676681.4637375,1.2649110640640713
1724676681.4647353,1.2649110640640677
1724676681.4658942,1.2649110640640677
1724676681.466471,1.2649110640640642
1724676681.467514,1.2649110640640606
1724676681.4685092,1.264911064064057
1724676681.4695392,1.2649110640640535
1724676681.470845,1.2649110640640535
1724676681.4716246,1.26491106406405
1724676681.4725351,1.26491106406405
1724676681.473811,1.2649110640640464
1724676681.474829,1.2649110640640429
1724676681.475828,1.2649110640640393
1724676681.477093,1.2649110640640358
1724676681.4780984,1.2649110640640358
1724676681.4787292,1.2649110640640322
1724676681.4797735,1.2649110640640322
1724676681.4813104,1.2649110640640286
1724676681.4816039,1.2649110640640286
1724676681.4824839,1.264911064064025
1724676681.4836986,1.2649110640640215
1724676681.4846177,1.2649110640640215
1724676681.4855347,1.264911064064018
1724676681.4864798,1.2649110640640144
1724676681.4880133,1.2649110640640109
1724676681.4885876,1.2649110640640109
1724676681.489524,1.2649110640640073
1724676681.4908342,1.2649110640640038
1724676681.4914966,1.2649110640640002
1724676681.492596,1.2649110640639967
1724676681.4938447,1.2649110640639931
1724676681.4947598,1.2649110640639931
1724676681.4955208,1.2649110640639896
1724676681.4979172,1.264911064063986
1724676681.4979377,1.264911064063986
1724676681.4987957,1.264911064063986
1724676681.4995584,1.2649110640639825
1724676681.5006573,1.2649110640639825
1724676681.5017955,1.264911064063979
1724676681.5033333,1.264911064063979
1724676681.504152,1.2649110640639754
1724676681.5046353,1.2649110640639754
1724676681.5059195,1.2649110640639754
1724676681.5066588,1.2649110640639718
1724676681.5078382,1.2649110640639718
1724676681.508879,1.2649110640639682
1724676681.5107925,1.2649110640639682
1724676681.510824,1.2649110640639647
1724676681.5118375,1.2649110640639647
1724676681.512818,1.2649110640639611
1724676681.5136461,1.2649110640639576
1724676681.514566,1.264911064063954
1724676681.515775,1.264911064063954
1724676681.5167935,1.2649110640639505
1724676681.5175035,1.2649110640639505
1724676681.518806,1.264911064063947
1724676681.519566,1.2649110640639434
1724676681.5211234,1.2649110640639434
1724676681.5222917,1.2649110640639398
1724676681.5228353,1.2649110640639398
1724676681.5236325,1.2649110640639398
1724676681.5245893,1.2649110640639363
1724676681.5255516,1.2649110640639327
1724676681.5266762,1.2649110640639327
1724676681.527611,1.2649110640639292
1724676681.528592,1.2649110640639292
1724676681.529691,1.2649110640639256
1724676681.53052,1.264911064063922
1724676681.531675,1.264911064063922
1724676681.5326538,1.2649110640639185
1724676681.5337024,1.2649110640639185
1724676681.534668,1.264911064063915
1724676681.5356164,1.264911064063915
1724676681.5367382,1.2649110640639114
1724676681.5378706,1.2649110640639114
1724676681.538656,1.2649110640639079
1724676681.5396128,1.2649110640639079
1724676681.5409696,1.2649110640639043
1724676681.5415423,1.2649110640639043
1724676681.5425956,1.2649110640639007
1724676681.543541,1.2649110640638972
1724676681.5446994,1.2649110640638972
1724676681.5456135,1.2649110640638936
1724676681.546813,1.2649110640638936
1724676681.5476577,1.26491106406389
1724676681.548643,1.26491106406389
1724676681.5499234,1.2649110640638865
1724676681.5509067,1.2649110640638865
1724676681.551497,1.264911064063883
1724676681.5526283,1.264911064063883
1724676681.554112,1.2649110640638794
1724676681.554898,1.2649110640638794
1724676681.5556977,1.2649110640638759
1724676681.5566525,1.2649110640638759
1724676681.5577419,1.2649110640638723
1724676681.5585904,1.2649110640638688
1724676681.559638,1.2649110640638688
1724676681.5605812,1.2649110640638652
1724676681.5616817,1.2649110640638652
1724676681.562617,1.2649110640638617
1724676681.5638325,1.2649110640638617
1724676681.5645227,1.2649110640638581
1724676681.5660262,1.2649110640638546
1724676681.5669763,1.2649110640638546
1724676681.5675316,1.264911064063851
1724676681.568471,1.264911064063851
1724676681.5696023,1.2649110640638475
1724676681.5706306,1.264911064063844
1724676681.5718777,1.2649110640638404
1724676681.572562,1.2649110640638404
1724676681.5734942,1.2649110640638368
1724676681.5746055,1.2649110640638332
1724676681.576212,1.2649110640638297
1724676681.5771224,1.2649110640638261
1724676681.5776389,1.2649110640638261
1724676681.578922,1.2649110640638226
1724676681.5795958,1.2649110640638226
1724676681.5805423,1.264911064063819
1724676681.5818596,1.2649110640638155
1724676681.5826104,1.2649110640638155
1724676681.5838428,1.264911064063812
1724676681.5845704,1.2649110640638084
1724676681.5855746,1.2649110640638084
1724676681.5870507,1.2649110640638048
1724676681.5892234,1.2649110640638048
1724676681.58968,1.2649110640638013
1724676681.5906801,1.2649110640638013
1724676681.5919409,1.2649110640637977
1724676681.5926778,1.2649110640637977
1724676681.5936942,1.2649110640644883
1724676681.5945482,1.264911064064531
1724676681.5957055,1.264911064064531
1724676681.596746,1.2649110640645735
1724676681.5982535,1.2649110640645735
1724676681.5988631,1.2649110640646162
1724676681.6000607,1.2649110640646162
1724676681.6005719,1.2649110640646588
1724676681.601667,1.2649110640646588
1724676681.6025918,1.2649110640647014
1724676681.6039338,1.2649110640647014
1724676681.6050303,1.264911064064744
1724676681.6057684,1.264911064064744
1724676681.606575,1.264911064064744
1724676681.6078784,1.2649110640647867
1724676681.6086557,1.2649110640648293
1724676681.609754,1.2649110640648293
1724676681.6105735,1.264911064064872
1724676681.6119623,1.264911064064872
1724676681.6128323,1.2649110640649146
1724676681.6135633,1.2649110640649146
1724676681.6144967,1.2649110640649572
1724676681.615932,1.2649110640649572
1724676681.6175818,1.2649110640649999
1724676681.6176162,1.2649110640650425
1724676681.61889,1.2649110640650425
1724676681.6197946,1.2649110640650851
1724676681.6215432,1.2649110640650851
1724676681.6221762,1.2649110640651278
1724676681.6233864,1.2649110640651278
1724676681.6241567,1.2649110640651704
1724676681.6245492,1.2649110640651704
1724676681.6259146,1.2649110640651704
1724676681.6266131,1.264911064065213
1724676681.6276836,1.264911064065213
1724676681.628722,1.2649110640652557
1724676681.6299472,1.2649110640652557
1724676681.630606,1.2649110640652557
1724676681.6317239,1.2649110640652983
1724676681.6330612,1.2649110640652983
1724676681.6338072,1.264911064065341
1724676681.6348658,1.264911064065341
1724676681.635825,1.2649110640653836
1724676681.6366346,1.2649110640653836
1724676681.6377523,1.2649110640654262
1724676681.6404247,1.2649110640654262
1724676681.6412332,1.2649110640654688
1724676681.6421988,1.2649110640654688
1724676681.6435647,1.2649110640654688
1724676681.644664,1.2649110640655115
1724676681.645762,1.2649110640655115
1724676681.6468246,1.264911064065554
1724676681.6484342,1.264911064065554
1724676681.6487737,1.2649110640655967
1724676681.6496768,1.2649110640655967
1724676681.6506836,1.2649110640656394
1724676681.651642,1.2649110640656394
1724676681.652747,1.264911064065682
1724676681.6540537,1.2649110640657246
1724676681.6546924,1.2649110640657246
1724676681.6558807,1.2649110640657673
1724676681.6568842,1.2649110640657673
1724676681.657852,1.2649110640658099
1724676681.6590433,1.2649110640658099
1724676681.6599572,1.2649110640658099
1724676681.6606321,1.2649110640658525
1724676681.662146,1.2649110640658525
1724676681.662897,1.2649110640658952
1724676681.6639252,1.2649110640658952
1724676681.6646817,1.2649110640659378
1724676681.6657696,1.2649110640659804
1724676681.667188,1.2649110640659804
1724676681.6680968,1.264911064066023
1724676681.6692266,1.264911064066023
1724676681.6695962,1.264911064066023
1724676681.6714008,1.2649110640660657
1724676681.6722906,1.2649110640660657
1724676681.6731339,1.2649110640660657
1724676681.6736221,1.2649110640661083
1724676681.6749425,1.2649110640661083
1724676681.675867,1.2649110640661083
1724676681.6767511,1.264911064066151
1724676681.6777666,1.264911064066151
1724676681.6788046,1.2649110640661936
1724676681.6795995,1.2649110640661936
1724676681.6808121,1.2649110640661936
1724676681.6816561,1.2649110640662362
1724676681.6826155,1.2649110640662362
1724676681.683791,1.2649110640662788
1724676681.6845186,1.2649110640663215
1724676681.685817,1.2649110640663215
1724676681.6869643,1.264911064066364
1724676681.6877055,1.264911064066364
1724676681.6889796,1.264911064066364
1724676681.6895201,1.2649110640664067
1724676681.690795,1.2649110640664494
1724676681.691736,1.2649110640664494
1724676681.6927214,1.264911064066492
1724676681.6936476,1.2649110640665346
1724676681.6946437,1.2649110640665346
1724676681.6955557,1.2649110640665773
1724676681.6969018,1.26491106406662
1724676681.6975574,1.26491106406662
1724676681.6986141,1.2649110640666625
1724676681.6999614,1.2649110640666625
1724676681.7008505,1.2649110640667052
1724676681.701544,1.2649110640667052
1724676681.702832,1.2649110640667478
1724676681.7044277,1.2649110640667478
1724676681.7046332,1.2649110640667904
1724676681.7057018,1.2649110640667904
1724676681.7067976,1.264911064066833
1724676681.707608,1.264911064066833
1724676681.7089121,1.2649110640668757
1724676681.7097707,1.2649110640668757
1724676681.7111194,1.2649110640668757
1724676681.7117252,1.2649110640669183
1724676681.7126472,1.2649110640669183
1724676681.713673,1.264911064066961
1724676681.7146163,1.2649110640670036
1724676681.71607,1.2649110640670036
1724676681.7174964,1.2649110640670462
1724676681.7181566,1.2649110640670462
1724676681.718761,1.2649110640670462
1724676681.7197957,1.2649110640670889
1724676681.7209435,1.2649110640670889
1724676681.7223358,1.2649110640671315
1724676681.7226138,1.2649110640671315
1724676681.7235873,1.2649110640671741
1724676681.7245998,1.2649110640671741
1724676681.726218,1.2649110640672168
1724676681.7269866,1.2649110640672168
1724676681.7275093,1.2649110640672594
1724676681.7286808,1.2649110640672594
1724676681.7299635,1.2649110640672594
1724676681.7305684,1.264911064067302
1724676681.7316983,1.264911064067302
1724676681.732776,1.2649110640673447
1724676681.7336686,1.2649110640673873
1724676681.734532,1.26491106406743
1724676681.7356212,1.26491106406743
1724676681.736861,1.26491106406743
1724676681.7376556,1.2649110640674726
1724676681.7386985,1.2649110640674726
1724676681.7396283,1.2649110640675152
1724676681.741154,1.2649110640675152
1724676681.741754,1.2649110640675578
1724676681.7427764,1.2649110640675578
1724676681.7435527,1.2649110640675578
1724676681.7447693,1.2649110640676005
1724676681.745617,1.2649110640676005
1724676681.7467492,1.264911064067643
1724676681.7475288,1.2649110640676857
1724676681.7486243,1.2649110640677284
1724676681.749985,1.2649110640677284
1724676681.750548,1.264911064067771
1724676681.7520595,1.264911064067771
1724676681.7525487,1.2649110640678136
1724676681.7537625,1.2649110640678136
1724676681.7552245,1.2649110640678563
1724676681.7555315,1.2649110640678563
1724676681.7565222,1.2649110640678563
1724676681.7574885,1.2649110640678989
1724676681.758984,1.2649110640679415
1724676681.759534,1.2649110640679415
1724676681.7605317,1.2649110640679841
1724676681.7616136,1.2649110640680268
1724676681.7625153,1.2649110640680268
1724676681.763688,1.2649110640680694
1724676681.7646856,1.2649110640680694
1724676681.7654924,1.264911064068112
1724676681.7665982,1.264911064068112
1724676681.7675288,1.2649110640681547
1724676681.7687087,1.2649110640681547
1724676681.7697945,1.2649110640681973
1724676681.7705836,1.2649110640681973
1724676681.771512,1.26491106406824
1724676681.772579,1.26491106406824
1724676681.7735775,1.2649110640682826
1724676681.7745986,1.2649110640682826
1724676681.7757041,1.2649110640683252
1724676681.77652,1.2649110640683252
1724676681.7775507,1.2649110640683678
1724676681.7784793,1.2649110640683678
1724676681.7797773,1.2649110640684105
1724676681.7806478,1.2649110640684105
1724676681.7817438,1.264911064068453
1724676681.7826858,1.2649110640684957
1724676681.783707,1.2649110640685384
1724676681.784521,1.264911064068581
1724676681.7855294,1.264911064068581
1724676681.7872627,1.2649110640686236
1724676681.787814,1.2649110640686236
1724676681.7891483,1.2649110640686663
1724676681.790209,1.2649110640686663
1724676681.7906387,1.2649110640686663
1724676681.7920485,1.264911064068709
1724676681.792793,1.264911064068709
1724676681.7941003,1.2649110640687515
1724676681.795528,1.2649110640687515
1724676681.795566,1.2649110640687515
1724676681.7969265,1.2649110640687942
1724676681.79786,1.2649110640687942
1724676681.7990444,1.2649110640688368
1724676681.8002968,1.2649110640688368
1724676681.801305,1.2649110640688368
1724676681.8018837,1.2649110640688794
1724676681.8025143,1.264911064068922
1724676681.8037543,1.264911064068922
1724676681.8051126,1.2649110640689647
1724676681.805529,1.2649110640689647
1724676681.806836,1.2649110640690073
1724676681.8080332,1.26491106406905
1724676681.8085756,1.26491106406905
1724676681.8095725,1.2649110640690926
1724676681.8105462,1.2649110640691352
1724676681.8115833,1.2649110640691779
1724676681.8125956,1.2649110640691779
1724676681.813587,1.2649110640692205
1724676681.81456,1.2649110640692631
1724676681.8155634,1.2649110640693058
1724676681.8166778,1.2649110640693058
1724676681.8176932,1.2649110640693484
1724676681.8185465,1.264911064069391
1724676681.8195596,1.2649110640694337
1724676681.820776,1.2649110640694337
1724676681.8217344,1.2649110640694763
1724676681.8228343,1.2649110640694763
1724676681.823978,1.264911064069519
1724676681.8246865,1.2649110640695616
1724676681.8258474,1.2649110640695616
1724676681.8268306,1.2649110640696042
1724676681.827884,1.2649110640696042
1724676681.8286314,1.2649110640696468
1724676681.8296835,1.2649110640696895
1724676681.8307693,1.2649110640696895
1724676681.8316705,1.264911064069732
1724676681.8326075,1.264911064069732
1724676681.8336992,1.2649110640697747
1724676681.8349712,1.2649110640698173
1724676681.8358078,1.2649110640698173
1724676681.8368485,1.26491106406986
1724676681.8384871,1.26491106406986
1724676681.83875,1.2649110640699026
1724676681.8396015,1.2649110640699026
1724676681.8409574,1.2649110640699026
1724676681.841741,1.2649110640699452
1724676681.8425987,1.2649110640699452
1724676681.8436806,1.2649110640699452
1724676681.8445995,1.2649110640699879
1724676681.8460217,1.2649110640700305
1724676681.8466687,1.2649110640700305
1724676681.8483412,1.2649110640700731
1724676681.8489459,1.2649110640700731
1724676681.8499837,1.2649110640701158
1724676681.8510842,1.2649110640701158
1724676681.852027,1.2649110640701584
1724676681.8525925,1.264911064070201
1724676681.8537507,1.264911064070201
1724676681.8547318,1.264911064070201
1724676681.8566527,1.2649110640702437
1724676681.8566973,1.2649110640702437
1724676681.8577683,1.2649110640702863
1724676681.8586366,1.2649110640702863
1724676681.859744,1.264911064070329
1724676681.8608613,1.264911064070329
1724676681.8615828,1.2649110640703716
1724676681.8625624,1.2649110640703716
1724676681.8637538,1.2649110640704142
1724676681.8647928,1.2649110640704142
1724676681.865615,1.2649110640704568
1724676681.8666594,1.2649110640704568
1724676681.8676937,1.2649110640704995
1724676681.8685164,1.2649110640704995
1724676681.8695395,1.264911064070542
1724676681.8707304,1.264911064070542
1724676681.871904,1.2649110640705847
1724676681.87265,1.2649110640706274
1724676681.873633,1.2649110640706274
1724676681.8745008,1.26491106407067
1724676681.8755767,1.2649110640707126
1724676681.8767092,1.2649110640707126
1724676681.8776972,1.2649110640707553
1724676681.878545,1.2649110640707553
1724676681.8794672,1.264911064070798
1724676681.8806453,1.264911064070798
1724676681.8819528,1.2649110640708405
1724676681.8826823,1.2649110640708405
1724676681.8839724,1.2649110640708832
1724676681.8859038,1.2649110640708832
1724676681.8859434,1.2649110640709258
1724676681.8867064,1.2649110640709258
1724676681.8898995,1.2649110640655754
1724676681.8899426,1.2649110640655754
1724676681.8899722,1.2649110640717134
1724676681.8905785,1.2649110640649048
1724676681.8915467,1.2649110640653487
1724676681.8927088,1.2649110640653487
1724676681.8936148,1.26491106406432
1724676681.8945706,1.26491106406432
1724676681.8960621,1.2649110640632912
1724676681.8967428,1.2649110640632912
1724676681.8980703,1.264911064066541
1724676681.899094,1.264911064066541
1724676681.899851,1.264911064064756
1724676681.9009957,1.2649110640662287
1724676681.9017615,1.2649110640644436
1724676681.9034603,1.2649110640659162
1724676681.903687,1.2649110640659162
1724676681.9047906,1.2649110640656038
1724676681.906132,1.2649110640656038
1724676681.9069836,1.2649110640652914
1724676681.9077911,1.2649110640652914
1724676681.9086323,1.2649110640652914
1724676681.9095967,1.264911064064979
1724676681.910548,1.2649110640646666
1724676681.911836,1.2649110640646666
1724676681.9126546,1.2649110640643542
1724676681.9137652,1.2649110640643542
1724676681.9146266,1.2649110640640417
1724676681.9155514,1.2649110640637293
1724676681.9165766,1.2649110640637293
1724676681.917733,1.26491106406881
1724676681.9187148,1.2649110640676957
1724676681.919847,1.264911064067742
1724676681.9206655,1.2649110640681003
1724676681.9230816,1.2649110640681003
1724676681.9241374,1.2649110640685048
1724676681.9246118,1.2649110640685048
1724676681.9256155,1.2649110640689094
1724676681.926981,1.2649110640689094
1724676681.928199,1.264911064069314
1724676681.9286234,1.264911064069314
1724676681.9297917,1.2649110640697185
1724676681.930864,1.2649110640697185
1724676681.9321349,1.264911064070123
1724676681.932925,1.264911064070123
1724676681.9339921,1.2649110640705277
1724676681.9348626,1.2649110640705277
1724676681.9358027,1.2649110640705277
1724676681.9379675,1.2649110640709322
1724676681.939233,1.2649110640709322
1724676681.9397087,1.264911064067058
1724676681.9410334,1.2649110640666996
1724676681.9417107,1.26491106406786
1724676681.9425418,1.264911064066029
1724676681.943802,1.2649110640671895
1724676681.9448292,1.2649110640653585
1724676681.9457455,1.2649110640665189
1724676681.947172,1.264911064064688
1724676681.9476492,1.2649110640658483
1724676681.9486911,1.2649110640640173
1724676681.9498484,1.2649110640651777
1724676681.9511697,1.2649110640645072
1724676681.9515185,1.2649110640645072
1724676681.952668,1.2649110640638366
1724676681.9544406,1.2649110640638366
1724676681.9553769,1.264911064063166
1724676681.9556608,1.264911064063166
1724676681.9569592,1.264911064063166
1724676681.9578173,1.264911064063166
1724676681.9587688,1.2649110640678884
1724676681.959931,1.264911064066774
1724676681.9609263,1.2649110640664618
1724676681.9616544,1.2649110640668202
1724676681.9632494,1.264911064066508
1724676681.9644597,1.2649110640668664
1724676681.9645956,1.2649110640665542
1724676681.9656515,1.2649110640669126
